Canonical SMILES	ExactMolWt	FractionCSP3	HeavyAtomCount	HeavyAtomMolWt	InChI	InChI Key	Isomeric SMILES	MaxAbsEStateIndex	MaxAbsPartialCharge	MaxEStateIndex	MaxPartialCharge	MinAbsEStateIndex	MinAbsPartialCharge	MinEStateIndex	MinPartialCharge	MolLogP	MolMR	MolWt	NHOHCount	NOCount	Name	NumAliphaticCarbocycles	NumAliphaticHeterocycles	NumAliphaticRings	NumAromaticCarbocycles	NumAromaticHeterocycles	NumAromaticRings	NumHAcceptors	NumHDonors	NumHeteroatoms	NumRadicalElectrons	NumRotatableBonds	NumSaturatedCarbocycles	NumSaturatedHeterocycles	NumSaturatedRings	NumValenceElectrons	PubChem ID	RingCount
CC(CCC=C(C)C)CCO	156.15141526	0.8	11	136.10899999999998	InChI=1S/C10H20O/c1-9(2)5-4-6-10(3)7-8-11/h5,10-11H,4,6-8H2,1-3H3/t10-/m0/s1	QMVPMAAFGQKVCJ-JTQLQIEISA-N	C[C@@H](CCC=C(C)C)CCO	8.62977308515999	0.39636589335372435	8.62977308515999	0.04330667182593248	0.32935326908541196	0.04330667182593248	0.32935326908541196	-0.39636589335372435	2.751300000000002	49.531800000000025	156.269	1	1	(-)-B-Citronellol	0	0	0	0	0	0	1	1	1	0	5	0	0	0	66	7793	0
CC1(C2CCC(C2)C1=C)C	136.125200512	0.8	10	120.10999999999997	InChI=1S/C10H16/c1-7-8-4-5-9(6-8)10(7,2)3/h8-9H,1,4-6H2,2-3H3/t8-,9+/m1/s1	CRPUJAZIXJMDBK-BDAKNGLRSA-N	CC1([C@H]2CC[C@H](C2)C1=C)C	4.189629629629629	0.09902931614640997	4.189629629629629	-0.011613816461015865	0.4751157407407407	0.011613816461015865	0.4751157407407407	-0.09902931614640997	2.9987000000000013	43.75200000000002	136.23799999999997	0	0	(-)-Camphene	2	0	2	0	0	0	0	0	0	0	0	2	0	2	56	440966	2
CC1=CCC(CC1=O)C(=C)C	150.104465068	0.5	11	136.10899999999998	InChI=1S/C10H14O/c1-7(2)9-5-4-8(3)10(11)6-9/h4,9H,1,5-6H2,2-3H3/t9-/m1/s1	ULDHMXUKGWMISQ-SECBINFHSA-N	CC1=CC[C@H](CC1=O)C(=C)C	11.199537037037036	0.2945568590881993	11.199537037037036	0.15836923542949272	0.2817129629629631	0.15836923542949272	0.2817129629629631	-0.2945568590881993	2.4879000000000007	46.30200000000003	150.22099999999998	0	1	(-)-Carvone	1	0	1	0	0	0	1	0	1	0	1	0	0	0	60	439570	1
CC1CCC(CC1O)C(=C)C	154.135765196	0.8	11	136.10899999999998	InChI=1S/C10H18O/c1-7(2)9-5-4-8(3)10(11)6-9/h8-11H,1,4-6H2,2-3H3/t8-,9-,10-/m1/s1	KRCZYMFUWVJCLI-OPRDCNLKSA-N	C[C@@H]1CC[C@H](C[C@H]1O)C(=C)C	9.55587962962963	0.39283014641026187	9.55587962962963	0.05710221855679479	0.09217592592592605	0.05710221855679479	-0.09217592592592605	-0.39283014641026187	2.359600000000001	47.32580000000002	154.253	1	1	(-)-Dihydrocarveol	1	0	1	0	0	0	1	1	1	0	1	1	0	1	64	443163	1
CC(=C)C1CCC2(C(C1)O2)C	152.120115132	0.8	11	136.10899999999998	InChI=1S/C10H16O/c1-7(2)8-4-5-10(3)9(6-8)11-10/h8-9H,1,4-6H2,2-3H3/t8-,9?,10?/m0/s1	CCEFMUBVSUDRLG-IDKOKCKLSA-N	CC(=C)[C@H]1CCC2(C(C1)O2)C	5.604583333333333	0.3663407779554409	5.604583333333333	0.09204590102372914	0.26979166666666665	0.09204590102372914	0.26979166666666665	-0.3663407779554409	2.5201000000000002	45.43300000000002	152.23699999999997	0	1	(-)-Limonene oxide,mixture of cis and trans	1	1	2	0	0	0	1	0	1	0	1	1	1	2	62	10953718	2
CC1CCC(C(=O)C1)C(C)C	154.135765196	0.9	11	136.10899999999998	InChI=1S/C10H18O/c1-7(2)9-5-4-8(3)6-10(9)11/h7-9H,4-6H2,1-3H3/t8-,9+/m1/s1	NFLGAXVYCFJBMK-BDAKNGLRSA-N	C[C@@H]1CC[C@H](C(=O)C1)C(C)C	11.446157407407409	0.29938104729834775	11.446157407407409	0.1359970921198345	0.36685185185185165	0.1359970921198345	0.36685185185185165	-0.29938104729834775	2.6477000000000013	46.35000000000002	154.253	0	1	(-)-Menthone	1	0	1	0	0	0	1	0	1	0	1	1	0	1	64	26447	1
CC(=C)C1CCC(=CC1)C=O	150.104465068	0.5	11	136.10899999999998	InChI=1S/C10H14O/c1-8(2)10-5-3-9(7-11)4-6-10/h3,7,10H,1,4-6H2,2H3/t10-/m1/s1	RUMOYJJNUMEFDD-SNVBAGLBSA-N	CC(=C)[C@H]1CCC(=CC1)C=O	10.345718537414966	0.298269086986623	10.345718537414966	0.14520262333257386	0.6099074074074071	0.14520262333257386	0.6099074074074071	-0.298269086986623	2.4879000000000007	46.30200000000003	150.221	0	1	(-)-Perillaaldehyde	1	0	1	0	0	0	1	0	1	0	2	0	0	0	60	2724159	1
CCCCCC(C)O	116.120115132	1.0	8	100.07599999999998	InChI=1S/C7H16O/c1-3-4-5-6-7(2)8/h7-8H,3-6H2,1-2H3/t7-/m0/s1	CETWDUZRCINIHU-ZETCQYMHSA-N	CCCCC[C@H](C)O	8.778993764172336	0.3934192690388673	8.778993764172336	0.0511666817432466	0.09578703703703728	0.0511666817432466	-0.09578703703703728	-0.3934192690388673	1.9475000000000002	35.822799999999994	116.204	1	1	(+)-2-Heptanol	0	0	0	0	0	0	1	1	1	0	4	0	0	0	50	2724897	0
CCCCCCC(C)O	130.135765196	1.0	9	112.08699999999997	InChI=1S/C8H18O/c1-3-4-5-6-7-8(2)9/h8-9H,3-7H2,1-2H3/t8-/m0/s1	SJWFXCIHNDVPSH-QMMMGPOBSA-N	CCCCCC[C@H](C)O	8.851697845804988	0.393419269033318	8.851697845804988	0.05116668312937806	0.0955035903250192	0.05116668312937806	-0.0955035903250192	-0.393419269033318	2.3376000000000006	40.439800000000005	130.23100000000002	1	1	(+)-2-Octanol	0	0	0	0	0	0	1	1	1	0	5	0	0	0	56	2723888	0
CC1(C2CCC(C2)C1=C)C	136.125200512	0.8	10	120.10999999999997	InChI=1S/C10H16/c1-7-8-4-5-9(6-8)10(7,2)3/h8-9H,1,4-6H2,2-3H3/t8-,9+/m0/s1	CRPUJAZIXJMDBK-DTWKUNHWSA-N	CC1([C@@H]2CC[C@@H](C2)C1=C)C	4.189629629629629	0.09902931614640997	4.189629629629629	-0.011613816461015865	0.4751157407407407	0.011613816461015865	0.4751157407407407	-0.09902931614640997	2.9987000000000013	43.75200000000002	136.23799999999997	0	0	(+)-Camphene	2	0	2	0	0	0	0	0	0	0	0	2	0	2	56	92221	2
CC1(C2CCC1(C(=O)C2)C)C	152.120115132	0.9	11	136.10899999999998	InChI=1S/C10H16O/c1-9(2)7-4-5-10(9,3)8(11)6-7/h7H,4-6H2,1-3H3/t7-,10+/m1/s1	DSSYKIVIOFKYAU-XCBNKYQSSA-N	C[C@@]12CC[C@@H](C1(C)C)CC2=O	11.573125	0.2990642887496957	11.573125	0.13909874627049695	0.02546296296296302	0.13909874627049695	0.02546296296296302	-0.2990642887496957	2.401700000000001	44.23600000000002	152.237	0	1	(+)-Camphor	2	0	2	0	0	0	1	0	1	0	0	2	0	2	62	159055	2
CC1CCC(CC1O)C(=C)C	154.135765196	0.8	11	136.10899999999998	InChI=1S/C10H18O/c1-7(2)9-5-4-8(3)10(11)6-9/h8-11H,1,4-6H2,2-3H3/t8-,9-,10-/m0/s1	KRCZYMFUWVJCLI-GUBZILKMSA-N	C[C@H]1CC[C@@H](C[C@@H]1O)C(=C)C	9.55587962962963	0.39283014641026187	9.55587962962963	0.05710221855679479	0.09217592592592605	0.05710221855679479	-0.09217592592592605	-0.39283014641026187	2.359600000000001	47.32580000000002	154.253	1	1	(+)-Dihydrocarveol	1	0	1	0	0	0	1	1	1	0	1	1	0	1	64	89755	1
CC1CCC(CC1=O)C(=C)C	152.120115132	0.7	11	136.10899999999998	InChI=1S/C10H16O/c1-7(2)9-5-4-8(3)10(11)6-9/h8-9H,1,4-6H2,2-3H3/t8-,9-/m1/s1	AZOCECCLWFDTAP-RKDXNWHRSA-N	C[C@@H]1CC[C@H](CC1=O)C(=C)C	11.267824074074074	0.29939075865816656	11.267824074074074	0.13579651142146004	0.2968518518518517	0.13579651142146004	0.2968518518518517	-0.29939075865816656	2.567800000000001	46.32600000000002	152.23699999999997	0	1	(+)-Dihydrocarvone	1	0	1	0	0	0	1	0	1	0	1	1	0	1	62	22227	1
CC(=C)C1CCC2(C(C1)O2)C	152.120115132	0.8	11	136.10899999999998	InChI=1S/C10H16O/c1-7(2)8-4-5-10(3)9(6-8)11-10/h8-9H,1,4-6H2,2-3H3/t8-,9?,10?/m1/s1	CCEFMUBVSUDRLG-XNWIYYODSA-N	CC(=C)[C@@H]1CCC2(C(C1)O2)C	5.604583333333333	0.3663407779554409	5.604583333333333	0.09204590102372914	0.26979166666666665	0.09204590102372914	0.26979166666666665	-0.3663407779554409	2.5201000000000002	45.43300000000002	152.23699999999997	0	1	(+)-Limonene oxide,mixture of cis and trans	1	1	2	0	0	0	1	0	1	0	1	1	1	2	62	441245	2
CC(=C)C1CCC(=CC1)C=O	150.104465068	0.5	11	136.10899999999998	InChI=1S/C10H14O/c1-8(2)10-5-3-9(7-11)4-6-10/h3,7,10H,1,4-6H2,2H3/t10-/m0/s1	RUMOYJJNUMEFDD-JTQLQIEISA-N	CC(=C)[C@@H]1CCC(=CC1)C=O	10.345718537414966	0.298269086986623	10.345718537414966	0.14520262333257386	0.6099074074074071	0.14520262333257386	0.6099074074074071	-0.298269086986623	2.4879000000000007	46.30200000000003	150.221	0	1	(+)-Perillaaldehyde	1	0	1	0	0	0	1	0	1	0	2	0	0	0	60	1548901	1
CC1CCC(=C(C)C)C(=O)C1	152.120115132	0.7	11	136.10899999999998	InChI=1S/C10H16O/c1-7(2)9-5-4-8(3)6-10(9)11/h8H,4-6H2,1-3H3/t8-/m1/s1	NZGWDASTMWDZIW-MRVPVSSYSA-N	C[C@@H]1CCC(=C(C)C)C(=O)C1	11.388287037037037	0.2945479541912917	11.388287037037037	0.15856013787712123	0.37847222222222254	0.15856013787712123	0.37847222222222254	-0.2945479541912917	2.711900000000001	46.39600000000002	152.237	0	1	(+)-Pulegone	1	0	1	0	0	0	1	0	1	0	0	1	0	1	62	442495	1
CCC(C)O	74.07316494	1.0	5	64.04299999999999	InChI=1S/C4H10O/c1-3-4(2)5/h4-5H,3H2,1-2H3	BTANRVKWQNVYAZ-UHFFFAOYSA-N	CCC(C)O	8.36111111111111	0.39343008722162376	8.36111111111111	0.05090390435353903	0.11574074074074092	0.05090390435353903	-0.11574074074074092	-0.39343008722162376	0.7771999999999999	21.971799999999995	74.123	1	1	(Â±)-2-Butanol	0	0	0	0	0	0	1	1	1	0	1	0	0	0	32	6568	0
CC1=CCC(CC1)C(=C)C	136.125200512	0.6	10	120.10999999999997	InChI=1S/C10H16/c1-8(2)10-6-4-9(3)5-7-10/h4,10H,1,5-7H2,2-3H3/t10-/m0/s1	XMGQYMWWDOXHJM-JTQLQIEISA-N	CC1=CC[C@@H](CC1)C(=C)C	3.974574829931973	0.099849370815529	3.974574829931973	-0.0170963194460879	0.7673148148148146	0.0170963194460879	0.7673148148148146	-0.099849370815529	3.308900000000002	45.91200000000003	136.238	0	0	(R)-(+)-Limonene	1	0	1	0	0	0	0	0	0	0	1	0	0	0	56	440917	1
CCCCO	74.07316494	1.0	5	64.04299999999999	InChI=1S/C4H10O/c1-2-3-4-5/h5H,2-4H2,1H3	LRHPLDYGYMQRHN-UHFFFAOYSA-N	CCCCO	8.06625	0.39637675206921097	8.06625	0.043042283485206966	0.34375	0.043042283485206966	0.34375	-0.39637675206921097	0.7787999999999999	21.993799999999997	74.12299999999999	1	1	1-butanol	0	0	0	0	0	0	1	1	1	0	2	0	0	0	32	263	0
CCCCCCCCCCO	158.167065324	1.0	11	136.10899999999998	InChI=1S/C10H22O/c1-2-3-4-5-6-7-8-9-10-11/h11H,2-10H2,1H3	MWKFXSUHUHTGQN-UHFFFAOYSA-N	CCCCCCCCCCO	8.507012641489101	0.39637656934228244	8.507012641489101	0.043052407228889096	0.3700000000000001	0.043052407228889096	0.3700000000000001	-0.39637656934228244	3.119400000000002	49.69580000000003	158.285	1	1	1-decanol	0	0	0	0	0	0	1	1	1	0	8	0	0	0	68	8174	0
CCCCCCCO	116.120115132	1.0	8	100.07599999999998	InChI=1S/C7H16O/c1-2-3-4-5-6-7-8/h8H,2-7H2,1H3	BBMCTIGTTCKYKF-UHFFFAOYSA-N	CCCCCCCO	8.365586734693878	0.39637656934229265	8.365586734693878	0.04305240722358137	0.36479591836734704	0.04305240722358137	0.36479591836734704	-0.39637656934229265	1.9491	35.84479999999999	116.204	1	1	1-heptanol	0	0	0	0	0	0	1	1	1	0	5	0	0	0	50	8129	0
CCCCCCO	102.104465068	1.0	7	88.06499999999998	InChI=1S/C6H14O/c1-2-3-4-5-6-7/h7H,2-6H2,1H3	ZSIAUFGUXNUGDI-UHFFFAOYSA-N	CCCCCCO	8.292882653061223	0.396376569347818	8.292882653061223	0.04305240583871402	0.36111111111111116	0.04305240583871402	0.36111111111111116	-0.396376569347818	1.559	31.22779999999998	102.17699999999999	1	1	1-hexanol	0	0	0	0	0	0	1	1	1	0	4	0	0	0	44	8103	0
CCCCCCCCCO	144.15141526	1.0	10	124.09799999999997	InChI=1S/C9H20O/c1-2-3-4-5-6-7-8-9-10/h10H,2-9H2,1H3	ZWRUINPWMLAQRD-UHFFFAOYSA-N	CCCCCCCCCO	8.468954790249434	0.39637656934228244	8.468954790249434	0.04305240722888908	0.36882716049382713	0.04305240722888908	0.36882716049382713	-0.39637656934228244	2.7293000000000016	45.078800000000015	144.258	1	1	1-nonanol	0	0	0	0	0	0	1	1	1	0	7	0	0	0	62	8914	0
CCCCCCCCO	130.135765196	1.0	9	112.08699999999997	InChI=1S/C8H18O/c1-2-3-4-5-6-7-8-9/h9H,2-8H2,1H3	KBPLFHHGFOOTCA-UHFFFAOYSA-N	CCCCCCCCO	8.42278195074326	0.3963765693422825	8.42278195074326	0.04305240722887934	0.3671875	0.04305240722887934	0.3671875	-0.3963765693422825	2.3392000000000013	40.461800000000004	130.23100000000002	1	1	1-octanol	0	0	0	0	0	0	1	1	1	0	6	0	0	0	56	957	0
CCCCCC(=O)C=C	126.104465068	0.625	9	112.08699999999997	InChI=1S/C8H14O/c1-3-5-6-7-8(9)4-2/h4H,2-3,5-7H2,1H3	KLTVSWGXIAYTHO-UHFFFAOYSA-N	CCCCCC(=O)C=C	10.568568594104308	0.2948886433585109	10.568568594104308	0.15459885800421178	0.16986111111111124	0.15459885800421178	0.16986111111111124	-0.2948886433585109	2.3218000000000005	39.346000000000004	126.199	0	1	1-Octen-3-one	0	0	0	0	0	0	1	0	1	0	5	0	0	0	52	61346	0
CCCCCO	88.088815004	1.0	6	76.05399999999999	InChI=1S/C5H12O/c1-2-3-4-5-6/h6H,2-5H2,1H3	AMQJEAYHLZJPGS-UHFFFAOYSA-N	CCCCCO	8.19736111111111	0.3963765707960063	8.19736111111111	0.04305223345357219	0.355	0.04305223345357219	0.355	-0.3963765707960063	1.1689	26.61079999999999	88.14999999999999	1	1	1-pentanol	0	0	0	0	0	0	1	1	1	0	3	0	0	0	38	6276	0
CCCO	60.057514876	1.0	4	52.032000000000004	InChI=1S/C3H8O/c1-2-3-4/h4H,2-3H2,1H3	BDERNNFJNOPAEC-UHFFFAOYSA-N	CCCO	7.875	0.39638735063233616	7.875	0.04278927992053378	0.3194444444444444	0.04278927992053378	0.3194444444444444	-0.39638735063233616	0.3887	17.376800000000003	60.096	1	1	1-propanol	0	0	0	0	0	0	1	1	1	0	1	0	0	0	26	1031	0
CCCCCCCCCCCO	172.182715388	1.0	12	148.11999999999998	InChI=1S/C11H24O/c1-2-3-4-5-6-7-8-9-10-11-12/h12H,2-11H2,1H3	KJIOQYGWTQBHNH-UHFFFAOYSA-N	CCCCCCCCCCCO	8.53892265067184	0.39637656934228244	8.53892265067184	0.043052407228889096	0.3708677685950412	0.043052407228889096	0.3708677685950412	-0.39637656934228244	3.5095000000000023	54.31280000000004	172.31199999999998	1	1	1-Undecanol	0	0	0	0	0	0	1	1	1	0	9	0	0	0	74	8184	0
C(CCCCO)CCCCO	160.14632988	1.0	11	140.09699999999998	InChI=1S/C9H20O2/c10-8-6-4-2-1-3-5-7-9-11/h10-11H,1-9H2	ALVZNPYWJMLXKV-UHFFFAOYSA-N	C(CCCCO)CCCCO	8.473954790249433	0.39637656934228244	8.473954790249433	0.04305240722888916	0.33000000000000007	0.04305240722888916	0.33000000000000007	-0.39637656934228244	1.7016999999999998	46.49060000000002	160.25700000000003	2	2	1,9-nonanediol	0	0	0	0	0	0	2	2	2	0	8	0	0	0	68	19835	0
CCCCC(C(=O)O)Br	193.994241692	0.8333333333333334	9	183.96799999999996	InChI=1S/C6H11BrO2/c1-2-3-4-5(7)6(8)9/h5H,2-4H2,1H3,(H,8,9)	HZTPKMIMXLTOSK-UHFFFAOYSA-N	CCCCC(C(=O)O)Br	10.158267668178382	0.4804087369522466	10.158267668178382	0.3167769595044981	0.3495833333333336	0.3167769595044981	-0.7606944444444441	-0.4804087369522466	2.0246999999999997	39.875800000000005	195.05599999999998	1	2	2-Bromohexanoic acid	0	0	0	0	0	0	1	1	3	0	4	0	0	0	54	12013	0
CCCCCCC(C(=O)O)Br	222.02554182	0.875	11	207.98999999999995	InChI=1S/C8H15BrO2/c1-2-3-4-5-6-7(9)8(10)11/h7H,2-6H2,1H3,(H,10,11)	GTGTXZRPJHDASG-UHFFFAOYSA-N	CCCCCCC(C(=O)O)Br	10.316137644872764	0.4804087369482893	10.316137644872764	0.3167769609930761	0.3478184051398341	0.3167769609930761	-0.748612528344671	-0.4804087369482893	2.804900000000001	49.10980000000003	223.10999999999999	1	2	2-Bromooctanoic acid	0	0	0	0	0	0	1	1	3	0	6	0	0	0	66	552003	0
C1=CC=C(C(=C1)O)Br	171.95237688	0.0	8	167.96899999999997	InChI=1S/C6H5BrO/c7-5-3-1-2-4-6(5)8/h1-4,8H	VADKRMSMGWJZCF-UHFFFAOYSA-N	C1=CC=C(C(=C1)O)Br	8.87238425925926	0.5067761627141213	8.87238425925926	0.12925263766093426	0.28472222222222254	0.12925263766093426	0.28472222222222254	-0.5067761627141213	2.1547000000000005	35.80680000000001	173.00900000000001	1	1	2-bromophenol	0	0	0	1	0	1	1	1	2	0	0	0	0	0	42	7244	1
CCC(=O)C	72.057514876	0.75	5	64.04299999999999	InChI=1S/C4H8O/c1-3-4(2)5/h3H2,1-2H3	ZWEHNKRNPOVVGH-UHFFFAOYSA-N	CCC(=O)C	9.8125	0.3000423849594125	9.8125	0.12906503252603763	0.25462962962962976	0.12906503252603763	0.25462962962962976	-0.3000423849594125	0.9854	20.971999999999994	72.107	0	1	2-Butanone	0	0	0	0	0	0	1	0	1	0	1	0	0	0	30	6569	0
CCC1=CC=CC=C1O	122.07316494	0.25	9	112.08699999999997	InChI=1S/C8H10O/c1-2-7-5-3-4-6-8(7)9/h3-6,9H,2H2,1H3	IXQGCWUGDFDQMF-UHFFFAOYSA-N	CCC1=CC=CC=C1O	9.11050925925926	0.5076763141588115	9.11050925925926	0.11825136868411397	0.4027777777777779	0.11825136868411397	0.4027777777777779	-0.5076763141588115	1.9545999999999997	37.4848	122.16699999999997	1	1	2-Ethylphenol	0	0	0	1	0	1	1	1	1	0	1	0	0	0	48	6997	1
CCCCCC(=O)C	114.104465068	0.8571428571428571	8	100.07599999999998	InChI=1S/C7H14O/c1-3-4-5-6-7(2)8/h3-6H2,1-2H3	CATSNJVOTSVZJV-UHFFFAOYSA-N	CCCCCC(=O)C	10.318568594104308	0.3000310235003908	10.318568594104308	0.1293399488649192	0.3180092592592594	0.1293399488649192	0.3180092592592594	-0.3000310235003908	2.1557000000000004	34.822999999999986	114.188	0	1	2-Heptanone	0	0	0	0	0	0	1	0	1	0	4	0	0	0	48	8051	0
CCCCC(=O)C	100.088815004	0.8333333333333334	7	88.06499999999998	InChI=1S/C6H12O/c1-3-4-5-6(2)7/h3-5H2,1-2H3	QQZOPKMRPOGIEB-UHFFFAOYSA-N	CCCCC(=O)C	10.202638888888888	0.30003102499487694	10.202638888888888	0.1293397726031704	0.30726851851851866	0.1293397726031704	0.30726851851851866	-0.30003102499487694	1.7656	30.20599999999998	100.161	0	1	2-Hexanone	0	0	0	0	0	0	1	0	1	0	3	0	0	0	42	11583	0
CC(C)C1=NC=CN=C1OC	152.094963004	0.5	11	140.101	InChI=1S/C8H12N2O/c1-6(2)7-8(11-3)10-5-4-9-7/h4-6H,1-3H3	NTOPKICPEQUPPH-UHFFFAOYSA-N	CC(C)C1=NC=CN=C1OC	5.033009259259259	0.47968884127788064	5.033009259259259	0.2350920810560004	0.35986111111111097	0.2350920810560004	0.35986111111111097	-0.47968884127788064	1.6085999999999998	42.67300000000002	152.19699999999997	0	3	2-Isopropyl-3-methoxypyrazine	0	0	0	0	1	1	3	0	3	0	2	0	0	0	60	33166	1
CCC(C)C1=NC=CN=C1OC	166.110613068	0.5555555555555556	12	152.11199999999997	InChI=1S/C9H14N2O/c1-4-7(2)8-9(12-3)11-6-5-10-8/h5-7H,4H2,1-3H3	QMQDJVIJVPEQHE-UHFFFAOYSA-N	CCC(C)C1=NC=CN=C1OC	5.094675925925926	0.479688714477548	5.094675925925926	0.235102943584311	0.4107870370370368	0.235102943584311	0.4107870370370368	-0.479688714477548	1.9986999999999997	47.290000000000035	166.22399999999996	0	3	2-Methoxy-3-(1-methylpropyl)pyrazine (Methoxymethylpropylpyrazine)	0	0	0	0	1	1	3	0	3	0	3	0	0	0	66	520098	1
CC1=NC=CN=C1OC	124.063662876	0.3333333333333333	9	116.079	InChI=1S/C6H8N2O/c1-5-6(9-2)8-4-3-7-5/h3-4H,1-2H3	VKJIAEQRKBQLLA-UHFFFAOYSA-N	CC1=NC=CN=C1OC	4.871342592592592	0.47970385152173434	4.871342592592592	0.23451921569123993	0.5949074074074077	0.23451921569123993	0.5949074074074077	-0.47970385152173434	0.7936199999999998	33.32099999999999	124.14300000000001	0	3	2-Methoxy-3-Methyl-pyrazine	0	0	0	0	1	1	3	0	3	0	1	0	0	0	48	17898	1
COC1=NC=CN=C1	110.048012812	0.2	8	104.068	InChI=1S/C5H6N2O/c1-8-5-4-6-2-3-7-5/h2-4H,1H3	WKSXRWSOSLGSTN-UHFFFAOYSA-N	COC1=NC=CN=C1	4.740555555555556	0.47989591285679883	4.740555555555556	0.23146898616964512	0.5486111111111114	0.23146898616964512	0.5486111111111114	-0.47989591285679883	0.48519999999999996	28.583999999999985	110.11600000000001	0	3	2-Methoxypyrazine	0	0	0	0	1	1	3	0	3	0	1	0	0	0	42	18467	1
CC(C)CS	90.05032132	1.0	5	80.11099999999999	InChI=1S/C4H10S/c1-4(2)3-5/h4-5H,3H2,1-2H3	BDFAOUQQXJIZDG-UHFFFAOYSA-N	CC(C)CS	4.015432098765432	0.1790956929386796	4.015432098765432	-0.007476657022712987	0.7484567901234567	0.007476657022712987	0.7484567901234567	-0.1790956929386796	1.5722	28.69099999999999	90.191	0	0	2-Methyl-1-propanethiol	0	0	0	0	0	0	1	1	1	0	1	0	0	0	32	10558	0
CCC(C)C(=O)O	102.06807956	0.8	7	92.05299999999998	InChI=1S/C5H10O2/c1-3-4(2)5(6)7/h4H,3H2,1-2H3,(H,6,7)	WLAMNBDJUVNPJU-UHFFFAOYSA-N	CCC(C)C(=O)O	9.930324074074074	0.4810341567461046	9.930324074074074	0.30569455284812064	0.1805555555555558	0.30569455284812064	-0.7060185185185184	-0.4810341567461046	1.1171	27.090799999999987	102.133	1	2	2-Methylbutyric acid	0	0	0	0	0	0	1	1	2	0	2	0	0	0	42	8314	0
CCCCCCCC(=O)C	142.135765196	0.8888888888888888	10	124.09799999999997	InChI=1S/C9H18O/c1-3-4-5-6-7-8-9(2)10/h3-8H2,1-2H3	VKCYHJWLYTUGCC-UHFFFAOYSA-N	CCCCCCCC(=O)C	10.47643857079869	0.30003102349469607	10.47643857079869	0.1293399502822649	0.33009117535903276	0.1293399502822649	0.33009117535903276	-0.30003102349469607	2.935900000000001	44.057000000000016	142.24200000000002	0	1	2-Nonanone	0	0	0	0	0	0	1	0	1	0	6	0	0	0	60	13187	0
CCCCCCC(=O)C	128.120115132	0.875	9	112.08699999999997	InChI=1S/C8H16O/c1-3-4-5-6-7-8(2)9/h3-7H2,1-2H3	ZPVFWPFBNIEHGJ-UHFFFAOYSA-N	CCCCCCC(=O)C	10.40689767573696	0.30003102349470656	10.40689767573696	0.12933995027687056	0.32509542705971306	0.12933995027687056	0.32509542705971306	-0.30003102349470656	2.5458000000000007	39.440000000000005	128.215	0	1	2-Octanone	0	0	0	0	0	0	1	0	1	0	5	0	0	0	54	8093	0
CC(=O)OCCC1=CC=CC=C1	164.083729624	0.3	12	152.10799999999998	InChI=1S/C10H12O2/c1-9(11)12-8-7-10-5-3-2-4-6-10/h2-6H,7-8H2,1H3	MDHYEMXUFSJLGV-UHFFFAOYSA-N	CC(=O)OCCC1=CC=CC=C1	10.411735953640715	0.46552389494585383	10.411735953640715	0.3021342050184882	0.21673044217687054	0.3021342050184882	-0.21673044217687054	-0.46552389494585383	1.7922	46.779000000000025	164.20399999999998	0	2	2-Phenethyl acetate	0	0	0	1	0	1	2	0	2	0	3	0	0	0	64	7654	1
C1=CC=C(C=C1)CCO	122.07316494	0.25	9	112.08699999999997	InChI=1S/C8H10O/c9-7-6-8-4-2-1-3-5-8/h1-5,9H,6-7H2	WRMNZCZEMHIOCP-UHFFFAOYSA-N	C1=CC=C(C=C1)CCO	8.519688208616781	0.3960313152991432	8.519688208616781	0.04709448741986935	0.24009259259259252	0.04709448741986935	0.24009259259259252	-0.3960313152991432	1.2213999999999998	37.2318	122.16699999999999	1	1	2-Phenylethanol	0	0	0	1	0	1	1	1	1	0	2	0	0	0	48	6054	1
CCC(C)C1=NC=CN=C1OC	166.110613068	0.5555555555555556	12	152.11199999999997	InChI=1S/C9H14N2O/c1-4-7(2)8-9(12-3)11-6-5-10-8/h5-7H,4H2,1-3H3	QMQDJVIJVPEQHE-UHFFFAOYSA-N	CCC(C)C1=NC=CN=C1OC	5.094675925925926	0.479688714477548	5.094675925925926	0.235102943584311	0.4107870370370368	0.235102943584311	0.4107870370370368	-0.479688714477548	1.9986999999999997	47.290000000000035	166.22399999999996	0	3	2-sec-Butyl-3-methoxypyrazine	0	0	0	0	1	1	3	0	3	0	3	0	0	0	66	520098	1
CCC1=NC=C(N=C1CC)C	150.115698448	0.5555555555555556	11	136.11299999999997	InChI=1S/C9H14N2/c1-4-8-9(5-2)11-7(3)6-10-8/h6H,4-5H2,1-3H3	PSINWXIDJYEXLO-UHFFFAOYSA-N	CCC1=NC=C(N=C1CC)C	4.399953703703703	0.25752485769730776	4.399953703703703	0.06186041020696335	0.9825925925925926	0.06186041020696335	0.9825925925925926	-0.25752485769730776	1.9098199999999999	45.52500000000002	150.225	0	2	2,3-Diethyl-5-methylpyrazine	0	0	0	0	1	1	2	0	2	0	2	0	0	0	60	28905	1
CCC1=NC=CN=C1CC	136.100048384	0.5	10	124.10199999999999	InChI=1S/C8H12N2/c1-3-7-8(4-2)10-6-5-9-7/h5-6H,3-4H2,1-2H3	GZXXANJCCWGCSV-UHFFFAOYSA-N	CCC1=NC=CN=C1CC	4.205509259259259	0.2578093063775458	4.205509259259259	0.061538978983684024	0.9831481481481481	0.061538978983684024	0.9831481481481481	-0.2578093063775458	1.6014	40.78800000000001	136.19799999999998	0	2	2,3-Diethylpyrazine	0	0	0	0	1	1	2	0	2	0	2	0	0	0	54	27458	1
CCCC(=O)C(=O)C	114.06807956	0.6666666666666666	8	104.06399999999998	InChI=1S/C6H10O2/c1-3-4-6(8)5(2)7/h3-4H2,1-2H3	MWVFCEVNXHTDNF-UHFFFAOYSA-N	CCCC(=O)C(=O)C	10.393287037037037	0.2912219270387969	10.393287037037037	0.19757101786623382	0.2569444444444442	0.19757101786623382	-0.3269907407407404	-0.2912219270387969	0.9446	30.595999999999986	114.14399999999999	0	2	2,3-Hexanedione	0	0	0	0	0	0	2	0	2	0	3	0	0	0	46	19707	0
CCCCC(=O)CC	114.104465068	0.8571428571428571	8	100.07599999999998	InChI=1S/C7H14O/c1-3-5-6-7(8)4-2/h3-6H2,1-2H3	NGAZZOYFWWSOGK-UHFFFAOYSA-N	CCCCC(=O)CC	10.570694444444445	0.29972928203016475	10.570694444444445	0.1321362462126747	0.3952314814814817	0.1321362462126747	0.3952314814814817	-0.29972928203016475	2.1557000000000004	34.822999999999986	114.188	0	1	3-Heptanone	0	0	0	0	0	0	1	0	1	0	4	0	0	0	48	7802	0
CCCCCC(=O)CC	128.120115132	0.875	9	112.08699999999997	InChI=1S/C8H16O/c1-3-5-6-7-8(9)4-2/h3-7H2,1-2H3	RHLVCLIPMVJYKS-UHFFFAOYSA-N	CCCCCC(=O)CC	10.686624149659863	0.29972928053425624	10.686624149659863	0.13213642248814716	0.4059722222222224	0.13213642248814716	0.4059722222222224	-0.29972928053425624	2.5458000000000007	39.440000000000005	128.215	0	1	3-Octanone	0	0	0	0	0	0	1	0	1	0	5	0	0	0	54	246728	0
CCC(=O)C(=O)CC	114.06807956	0.6666666666666666	8	104.06399999999998	InChI=1S/C6H10O2/c1-3-5(7)6(8)4-2/h3-4H2,1-2H3	KVFQMAZOBTXCAZ-UHFFFAOYSA-N	CCC(=O)C(=O)CC	10.393287037037037	0.2909153124024371	10.393287037037037	0.19759338848539185	0.2569444444444442	0.19759338848539185	-0.2569444444444442	-0.2909153124024371	0.9446	30.595999999999986	114.14399999999999	0	2	3,4-Hexanedione	0	0	0	0	0	0	2	0	2	0	3	0	0	0	46	62539	0
C1COC2=CC=CC=C2C1=O	148.052429496	0.2222222222222222	11	140.09699999999998	InChI=1S/C9H8O2/c10-8-5-6-11-9-4-2-1-3-7(8)9/h1-4H,5-6H2	MSTDXOZUKAQDRL-UHFFFAOYSA-N	C1COC2=CC=CC=C2C1=O	11.205509259259259	0.492358912596559	11.205509259259259	0.16949054117469237	0.18689814814814842	0.16949054117469237	0.18689814814814842	-0.492358912596559	1.6518	40.88450000000002	148.161	0	2	4-Chromanone	0	1	1	1	0	1	2	0	2	0	0	0	0	0	56	68110	2
CCC1=CC=C(C=C1)O	122.07316494	0.25	9	112.08699999999997	InChI=1S/C8H10O/c1-2-7-3-5-8(9)6-4-7/h3-6,9H,2H2,1H3	HXDOZKJGKXYMEW-UHFFFAOYSA-N	CCC1=CC=C(C=C1)O	8.85218820861678	0.5079666452633226	8.85218820861678	0.11509483734922345	0.3400000000000003	0.11509483734922345	0.3400000000000003	-0.5079666452633226	1.9545999999999997	37.4848	122.16699999999997	1	1	4-Ethylphenol	0	0	0	1	0	1	1	1	1	0	1	0	0	0	48	31242	1
C1=CC=C2C(=C1)C(=CC(=O)O2)O	162.031694052	0.0	12	156.09599999999998	InChI=1S/C9H6O3/c10-7-5-9(11)12-8-4-2-1-3-6(7)8/h1-5,10H	VXIXUWQIVKSKSA-UHFFFAOYSA-N	C1=CC=C2C(=C1)C(=CC(=O)O2)O	10.777596371882087	0.5069093547032499	10.777596371882087	0.3394460268516427	0.039953703703703436	0.3394460268516427	-0.5359259259259257	-0.5069093547032499	1.4985999999999997	44.14880000000001	162.14399999999998	1	3	4-hydroxycoumarin	0	0	0	1	1	2	3	1	3	0	0	0	0	0	60	54682930	2
C(CCC(=O)O)CCBr	193.994241692	0.8333333333333334	9	183.96799999999996	InChI=1S/C6H11BrO2/c7-5-3-1-2-4-6(8)9/h1-5H2,(H,8,9)	NVRVNSHHLPQGCU-UHFFFAOYSA-N	C(CCC(=O)O)CCBr	9.950734481292518	0.4812303897745762	9.950734481292518	0.30283956057065015	0.3125	0.30283956057065015	-0.6902106953892668	-0.4812303897745762	2.0263	39.897800000000004	195.056	1	2	6-Bromohexanoic acid	0	0	0	0	0	0	1	1	3	0	5	0	0	0	54	20210	0
CCCCCC(=CC1=CC=CC=C1)C=O	202.135765196	0.35714285714285715	15	184.15299999999996	InChI=1S/C14H18O/c1-2-3-5-10-14(12-15)11-13-8-6-4-7-9-13/h4,6-9,11-12H,2-3,5,10H2,1H3/b14-11+	HMKKIXGYKWDQSV-SDNWHVSQSA-N	CCCCC/C(=C\C1=CC=CC=C1)/C=O	10.835308012093726	0.29825637550624956	10.835308012093726	0.14554215422443673	0.8950736961451247	0.14554215422443673	0.8950736961451247	-0.29825637550624956	3.8492000000000033	64.62500000000004	202.29699999999997	0	1	a-Amylcinnamaldehyde	0	0	0	1	0	1	1	0	1	0	6	0	0	0	80	1623625	1
CCCCCC(=CC1=CC=CC=C1)C(OC)OC	248.177630008	0.5	18	224.17399999999995	InChI=1S/C16H24O2/c1-4-5-7-12-15(16(17-2)18-3)13-14-10-8-6-9-11-14/h6,8-11,13,16H,4-5,7,12H2,1-3H3/b15-13+	QCHZKUPVENJLAW-FYWRMAATSA-N	CCCCC/C(=C\C1=CC=CC=C1)/C(OC)OC	5.374008408919123	0.3519994817518446	5.374008408919123	0.17891080009483515	0.2342016250944825	0.17891080009483515	-0.2342016250944825	-0.3519994817518446	4.269200000000004	76.36700000000006	248.36599999999999	0	2	a-Amylcinnamaldehyde dimethyl acetal	0	0	0	1	0	1	2	0	2	0	8	0	0	0	100	6005821	1
CCCCCCC(=CC1=CC=CC=C1)C=O	216.15141526	0.4	16	196.16399999999996	InChI=1S/C15H20O/c1-2-3-4-6-11-15(13-16)12-14-9-7-5-8-10-14/h5,7-10,12-13H,2-4,6,11H2,1H3/b15-12-	GUUHFMWKWLOQMM-QINSGFPZSA-N	CCCCCC/C(=C/C1=CC=CC=C1)/C=O	10.904848907155454	0.2982563755062391	10.904848907155454	0.14554215422979205	0.9011848072562358	0.14554215422979205	0.9011848072562358	-0.2982563755062391	4.239300000000004	69.24200000000005	216.32399999999996	0	1	a-Hexylcinnamaldehyde	0	0	0	1	0	1	1	0	1	0	7	0	0	0	86	1715135	1
CCCCCCC(=O)OCC=C	170.130679816	0.7	12	152.10799999999998	InChI=1S/C10H18O2/c1-3-5-6-7-8-10(11)12-9-4-2/h4H,2-3,5-9H2,1H3	SJWKGDGUQTWDRV-UHFFFAOYSA-N	CCCCCCC(=O)OCC=C	10.895092120181406	0.46145364141473744	10.895092120181406	0.30559416667871986	0.10555272108843505	0.30559416667871986	-0.10555272108843505	-0.46145364141473744	2.686000000000001	49.915000000000035	170.252	0	2	Allyl heptanoate	0	0	0	0	0	0	2	0	2	0	7	0	0	0	70	8878	0
C=CCOC(=O)CC1=CC=CC=C1	176.083729624	0.18181818181818182	13	164.11899999999997	InChI=1S/C11H12O2/c1-2-8-13-11(12)9-10-6-4-3-5-7-10/h2-7H,1,8-9H2	ZCDYAMJXVAUTIM-UHFFFAOYSA-N	C=CCOC(=O)CC1=CC=CC=C1	11.101346371882087	0.46120986388092905	11.101346371882087	0.3100689171711918	0.2165740740740738	0.3100689171711918	-0.2165740740740738	-0.46120986388092905	1.9583	51.30200000000003	176.21499999999997	0	2	Allyl phenylacetate	0	0	0	1	0	1	2	0	2	0	4	0	0	0	68	15717	1
CCCCCOC(=O)CCC	158.130679816	0.8888888888888888	11	140.09699999999998	InChI=1S/C9H18O2/c1-3-5-6-8-11-9(10)7-4-2/h3-8H2,1-2H3	CFNJLPHOBMVMNS-UHFFFAOYSA-N	CCCCCOC(=O)CCC	10.783981009070295	0.4656751326557105	10.783981009070295	0.3052668954667954	0.05221938775510182	0.3052668954667954	-0.05221938775510182	-0.4656751326557105	2.5199000000000007	45.39200000000002	158.241	0	2	Amyl butyrate	0	0	0	0	0	0	2	0	2	0	6	0	0	0	66	10890	0
CCCCCC(=O)OCCCCC	186.161979944	0.9090909090909091	13	164.11899999999997	InChI=1S/C11H22O2/c1-3-5-7-9-11(12)13-10-8-6-4-2/h3-10H2,1-2H3	WRFZKAGPPQGDDQ-UHFFFAOYSA-N	CCCCCC(=O)OCCCCC	11.058799603174602	0.4656750060205082	11.058799603174602	0.3052775140641399	0.0235619803476943	0.3052775140641399	-0.0235619803476943	-0.4656750060205082	3.3001000000000023	54.62600000000005	186.295	0	2	Amyl hexanoate	0	0	0	0	0	0	2	0	2	0	8	0	0	0	78	10886	0
CC=CC1=CC=C(C=C1)OC	148.088815004	0.2	11	136.10899999999998	InChI=1S/C10H12O/c1-3-4-9-5-7-10(11-2)8-6-9/h3-8H,1-2H3/b4-3+	RUVINXPYWBROJD-ONEGZZNKSA-N	C/C=C/C1=CC=C(C=C1)OC	5.023216411564626	0.496767824217075	5.023216411564626	0.11840058959106642	0.9011602418745277	0.11840058959106642	0.9011602418745277	-0.496767824217075	2.728300000000001	47.702000000000034	148.20499999999998	0	1	Anethole	0	0	0	1	0	1	1	0	1	0	2	0	0	0	58	637563	1
COC1=CC=C(C=C1)C=O	136.052429496	0.125	10	128.08599999999998	InChI=1S/C8H8O2/c1-10-8-4-2-7(6-9)3-5-8/h2-6H,1H3	ZRSNZINYAWTAHE-UHFFFAOYSA-N	COC1=CC=C(C=C1)C=O	10.165294312169312	0.49676779267846277	10.165294312169312	0.14955258130421192	0.6674074074074076	0.14955258130421192	0.6674074074074076	-0.49676779267846277	1.5076999999999998	38.38150000000001	136.14999999999998	0	2	Anisaldehyde	0	0	0	1	0	1	2	0	2	0	2	0	0	0	52	31244	1
COC1=CC=CC=C1	108.057514876	0.14285714285714285	8	100.07599999999998	InChI=1S/C7H8O/c1-8-7-5-3-2-4-6-7/h2-6H,1H3	RDOXTESZEPMUJZ-UHFFFAOYSA-N	COC1=CC=CC=C1	4.914166666666667	0.4967685686134767	4.914166666666667	0.11835771513702235	0.9097222222222223	0.11835771513702235	0.9097222222222223	-0.4967685686134767	1.6952	32.99399999999999	108.13999999999999	0	1	Anisole (Methoxybenzene, Methyl phenyl ether)	0	0	0	1	0	1	1	0	1	0	1	0	0	0	42	7519	1
C1=CC=C(C=C1)C=O	106.041864812	0.0	8	100.07599999999998	InChI=1S/C7H6O/c8-6-7-4-2-1-3-5-7/h1-6H	HUMNYLRZRPPJDN-UHFFFAOYSA-N	C1=CC=C(C=C1)C=O	10.006481481481481	0.2978964116504968	10.006481481481481	0.14954802883036308	0.7291666666666669	0.14954802883036308	0.7291666666666669	-0.2978964116504968	1.4990999999999999	31.82949999999999	106.12399999999998	0	1	Benzaldehyde	0	0	0	1	0	1	1	0	1	0	1	0	0	0	40	240	1
COC(C1=CC=CC=C1)OC	152.083729624	0.3333333333333333	11	140.09699999999998	InChI=1S/C9H12O2/c1-10-9(11-2)8-6-4-3-5-7-8/h3-7,9H,1-2H3	HEVMDQBCAHEHDY-UHFFFAOYSA-N	COC(C1=CC=CC=C1)OC	5.063287037037037	0.3516951124676867	5.063287037037037	0.18262603865262517	0.23962962962962986	0.18262603865262517	-0.23962962962962986	-0.3516951124676867	1.978	43.20100000000002	152.19299999999998	0	2	Benzaldehyde dimethyl acetal	0	0	0	1	0	1	2	0	2	0	3	0	0	0	60	62375	1
C1=CC=CC=C1	78.046950192	0.0	6	72.06599999999999	InChI=1S/C6H6/c1-2-4-6-5-3-1/h1-6H	UHOVQNZJYSORNB-UHFFFAOYSA-N	C1=CC=CC=C1	2.0	0.062268570782092456	2.0	-0.062268570782092456	2.0	0.062268570782092456	2.0	-0.062268570782092456	1.6866	26.441999999999993	78.11399999999999	0	0	Benzene	0	0	0	1	0	1	0	0	0	0	0	0	0	0	30	241	1
C1=CC=C(C=C1)C(=O)C2=CC=CC=C2	182.07316494	0.0	14	172.14199999999997	InChI=1S/C13H10O/c14-13(11-7-3-1-4-8-11)12-9-5-2-6-10-12/h1-10H	RWCCWEUUXYIKHB-UHFFFAOYSA-N	C1=CC=C(C=C1)C(=O)C2=CC=CC=C2	11.846296296296295	0.2886159649049109	11.846296296296295	0.1925196653354077	0.07518518518518547	0.1925196653354077	0.07518518518518547	-0.2886159649049109	2.917600000000001	56.316500000000026	182.22199999999995	0	1	Benzophenone	0	0	0	2	0	2	1	0	1	0	2	0	0	0	68	3102	2
CC(=O)OCC1=CC=CC=C1	150.06807956	0.2222222222222222	11	140.09699999999998	InChI=1S/C9H10O2/c1-8(10)11-7-9-5-3-2-4-6-9/h2-6H,7H2,1H3	QUKGYYKBILRGFE-UHFFFAOYSA-N	CC(=O)OCC1=CC=CC=C1	10.39484552154195	0.46100343395037224	10.39484552154195	0.30246072005009045	0.24180272108843504	0.30246072005009045	-0.24180272108843504	-0.46100343395037224	1.7497	41.91200000000002	150.177	0	2	Benzyl acetate	0	0	0	1	0	1	2	0	2	0	2	0	0	0	58	8785	1
C1=CC=C(C=C1)COC(=O)C2=CC=CC=C2	212.083729624	0.07142857142857142	16	200.15199999999996	InChI=1S/C14H12O2/c15-14(13-9-5-2-6-10-13)16-11-12-7-3-1-4-8-12/h1-10H,11H2	SESFRYSPDFLNCH-UHFFFAOYSA-N	C1=CC=C(C=C1)COC(=O)C2=CC=CC=C2	11.595771447467875	0.45722281014698424	11.595771447467875	0.3379551839851818	0.2875434618291759	0.3379551839851818	-0.2875434618291759	-0.45722281014698424	3.0436000000000014	62.00350000000003	212.24799999999993	0	2	benzyl benzoate (Pentamethylbenzaldehyde)	0	0	0	2	0	2	2	0	2	0	3	0	0	0	80	2345	2
C1=CC=C(C=C1)COC(=O)C2=CC=CC=C2O	228.078644244	0.07142857142857142	17	216.15099999999995	InChI=1S/C14H12O3/c15-13-9-5-4-8-12(13)14(16)17-10-11-6-2-1-3-7-11/h1-9,15H,10H2	ZCTQGTTXIYCGGC-UHFFFAOYSA-N	C1=CC=C(C=C1)COC(=O)C2=CC=CC=C2O	11.65660478080121	0.5070527973358621	11.65660478080121	0.34174583112785833	0.06429474258839307	0.34174583112785833	-0.5213397581254722	-0.5070527973358621	2.7492000000000014	63.66830000000003	228.24699999999993	1	3	Benzyl salicylate	0	0	0	2	0	2	3	1	3	0	3	0	0	0	86	8363	2
CC=CC(=O)C1=C(CCCC1(C)C)C	192.15141526	0.6153846153846154	14	172.14199999999997	InChI=1S/C13H20O/c1-5-7-11(14)12-10(2)8-6-9-13(12,3)4/h5,7H,6,8-9H2,1-4H3/b7-5+	BGTBFNDXYDYBEY-FNORWQNLSA-N	C/C=C/C(=O)C1=C(CCCC1(C)C)C	11.879467592592594	0.2896464276613132	11.879467592592594	0.1814725769500975	0.06837962962962973	0.1814725769500975	0.06837962962962973	-0.2896464276613132	3.6582000000000026	60.153000000000034	192.30199999999996	0	1	beta-Damascone	1	0	1	0	0	0	1	0	1	0	2	0	0	0	78	5374527	1
CC1=C(C(CCC1)(C)C)C=CC(=O)C	192.15141526	0.6153846153846154	14	172.14199999999997	InChI=1S/C13H20O/c1-10-6-5-9-13(3,4)12(10)8-7-11(2)14/h7-8H,5-6,9H2,1-4H3/b8-7+	PSQYTAPXSHCGMF-BQYQJAHWSA-N	CC1=C(C(CCC1)(C)C)/C=C/C(=O)C	10.894697893046107	0.2951807665268281	10.894697893046107	0.15212328706486747	0.13117913832199557	0.15212328706486747	0.13117913832199557	-0.2951807665268281	3.6582000000000026	60.153000000000034	192.30199999999996	0	1	beta-ionone	1	0	1	0	0	0	1	0	1	0	2	0	0	0	78	638014	1
CC1=C(C=CO1)SSC2=C(OC=C2)C	226.01222156	0.2	14	216.242	InChI=1S/C10H10O2S2/c1-7-9(3-5-11-7)13-14-10-4-6-12-8(10)2/h3-6H,1-2H3	OHDFENKFSKIFBJ-UHFFFAOYSA-N	CC1=C(C=CO1)SSC2=C(OC=C2)C	5.2070318405139835	0.4684159413758473	5.2070318405139835	0.1145840722253039	0.9617110733182164	0.1145840722253039	0.9617110733182164	-0.4684159413758473	4.288840000000002	58.60400000000002	226.322	0	2	Bis(2-methyl-3-furyl)disulphide	0	0	0	0	2	2	4	0	4	0	3	0	0	0	74	526624	2
CCCC=O	72.057514876	0.75	5	64.04299999999999	InChI=1S/C4H8O/c1-2-3-4-5/h4H,2-3H2,1H3	ZTQSAGDEMFDKMZ-UHFFFAOYSA-N	CCCC=O	9.40486111111111	0.30340309725779463	9.40486111111111	0.11947978113414225	0.7083333333333333	0.11947978113414225	0.7083333333333333	-0.30340309725779463	0.9854	20.971999999999994	72.107	0	1	Butanal	0	0	0	0	0	0	1	0	1	0	2	0	0	0	30	261	0
CCCCOC=O	102.06807956	0.8	7	92.05299999999998	InChI=1S/C5H10O2/c1-2-3-4-7-5-6/h5H,2-4H2,1H3	NMJJFJNHVMGPGM-UHFFFAOYSA-N	CCCCOC=O	9.457457482993197	0.46790117334695996	9.457457482993197	0.2925755176100331	0.4818055555555556	0.2925755176100331	0.4818055555555556	-0.46790117334695996	0.9595	26.923999999999985	102.13299999999998	0	2	Butyl formate	0	0	0	0	0	0	2	0	2	0	4	0	0	0	42	11614	0
CCCCCCC(=O)OCCCC	186.161979944	0.9090909090909091	13	164.11899999999997	InChI=1S/C11H22O2/c1-3-5-7-8-9-11(12)13-10-6-4-2/h3-10H2,1-2H3	YPQSPODHFDGVAC-UHFFFAOYSA-N	CCCCCCC(=O)OCCCC	11.058799603174602	0.4656751917659361	11.058799603174602	0.30527751415629134	0.0235619803476943	0.30527751415629134	-0.0235619803476943	-0.4656751917659361	3.3001000000000023	54.62600000000005	186.295	0	2	Butyl heptanoate	0	0	0	0	0	0	2	0	2	0	8	0	0	0	78	21596	0
CC1CCC2C13CCC(C(C3)C2(C)C)(C)OC(=O)C	264.208930136	0.9411764705882353	19	236.18499999999995	InChI=1S/C17H28O2/c1-11-6-7-13-15(3,4)14-10-17(11,13)9-8-16(14,5)19-12(2)18/h11,13-14H,6-10H2,1-5H3/t11-,13?,14?,16-,17+/m1/s1	HQKQRXZEXPXXIG-NTIOYTNASA-N	C[C@@H]1CCC2[C@]13CC[C@@](C(C3)C2(C)C)(C)OC(=O)C	11.490280848450492	0.45924057176514393	11.490280848450492	0.3026770054093464	0.11170564058956889	0.3026770054093464	-0.2315046296296297	-0.45924057176514393	4.180600000000004	75.61400000000006	264.409	0	2	Cedryl acetate	3	0	3	0	0	0	2	0	2	0	1	3	0	3	108	9838172	3
C1=CC=C(C=C1)C=CC=O	132.057514876	0.0	10	124.09799999999997	InChI=1S/C9H8O/c10-8-4-7-9-5-2-1-3-6-9/h1-8H/b7-4+	KJPRLNWUNMBNBZ-QPJJXVBHSA-N	C1=CC=C(C=C1)/C=C/C=O	9.891373299319728	0.29856366004105594	9.891373299319728	0.14235723136772482	0.7708333333333333	0.14235723136772482	0.7708333333333333	-0.29856366004105594	1.8986999999999998	41.54000000000002	132.16199999999998	0	1	Cinnamaldehyde	0	0	0	1	0	1	1	0	1	0	2	0	0	0	50	637511	1
C1=CC=C(C=C1)C=CCO	134.07316494	0.1111111111111111	10	124.09799999999997	InChI=1S/C9H10O/c10-8-4-7-9-5-2-1-3-6-9/h1-7,10H,8H2/b7-4+	OOCCDEMITAIZTP-QPJJXVBHSA-N	C1=CC=C(C=C1)/C=C/CO	8.440765306122449	0.3922954491931637	8.440765306122449	0.06151738150453162	0.106045918367347	0.06151738150453162	0.106045918367347	-0.3922954491931637	1.6921000000000002	42.56180000000002	134.178	1	1	Cinnamyl alcohol	0	0	0	1	0	1	1	1	1	0	2	0	0	0	52	5315892	1
CCCCCC=CCCC=O	154.135765196	0.7	11	136.10899999999998	InChI=1S/C10H18O/c1-2-3-4-5-6-7-8-9-10-11/h6-7,10H,2-5,8-9H2,1H3/b7-6-	CWRKZMLUDFBPAO-SREVYHEPSA-N	CCCCC/C=C\CCC=O	9.906155946576671	0.30339059040103383	9.906155946576671	0.11979903842207838	0.6709104938271604	0.11979903842207838	0.6709104938271604	-0.30339059040103383	3.102000000000001	48.58000000000003	154.253	0	1	cis-4-Decenal	0	0	0	0	0	0	1	0	1	0	7	0	0	0	64	5362620	0
CCC=CCCCCC=O	140.120115132	0.6666666666666666	10	124.09799999999997	InChI=1S/C9H16O/c1-2-3-4-5-6-7-8-9-10/h3-4,9H,2,5-8H2,1H3/b4-3-	RTNPCOBSXBGDMO-ARJAWSKDSA-N	CC/C=C\CCCCC=O	9.875705939783321	0.30340290655440444	9.875705939783321	0.11949038937475359	0.7221875	0.11949038937475359	0.7221875	-0.30340290655440444	2.711900000000001	43.96300000000002	140.226	0	1	cis-6-Nonenal	0	0	0	0	0	0	1	0	1	0	6	0	0	0	58	5362720	0
CC(=CCCC(=CC=O)C)C	152.120115132	0.5	11	136.10899999999998	InChI=1S/C10H16O/c1-9(2)5-4-6-10(3)7-8-11/h5,7-8H,4,6H2,1-3H3	WTEVQBCEXWBHNA-UHFFFAOYSA-N	[H]C(C=O)=C(C)CCC=C(C)C	10.020497606449988	0.2985656613427288	10.020497606449988	0.1422808517749483	0.8450897581254724	0.1422808517749483	0.8450897581254724	-0.2985656613427288	2.878000000000001	48.486000000000026	152.23699999999997	0	1	Citral	0	0	0	0	0	0	1	0	1	0	4	0	0	0	62	8843	0
C1CC(C1)C(=O)O	100.052429496	0.8	7	92.05299999999998	InChI=1S/C5H8O2/c6-5(7)4-2-1-3-4/h4H,1-3H2,(H,6,7)	TXWOGHSRPAYOML-UHFFFAOYSA-N	C1CC(C1)C(=O)O	9.981574074074073	0.48102646184677705	9.981574074074073	0.30598714903577456	2.220446049250313e-16	0.30598714903577456	-0.619212962962963	-0.48102646184677705	0.8711	24.97679999999999	100.11699999999999	1	2	Cyclobutanecarboxylic acid	1	0	1	0	0	0	1	1	2	0	1	1	0	1	40	19494	1
CCCCCCCCCC=O	156.15141526	0.9	11	136.10899999999998	InChI=1S/C10H20O/c1-2-3-4-5-6-7-8-9-10-11/h10H,2-9H2,1H3	KSMVZQYAVGTKIV-UHFFFAOYSA-N	CCCCCCCCCC=O	9.94004483546556	0.3034029081494581	9.94004483546556	0.11949019867032569	0.757716049382716	0.11949019867032569	0.757716049382716	-0.3034029081494581	3.3260000000000023	48.67400000000003	156.269	0	1	Decanal	0	0	0	0	0	0	1	0	1	0	8	0	0	0	66	8175	0
C(CCCCC(=O)O)CCCC(=O)O	202.120509056	0.8	14	184.10599999999997	InChI=1S/C10H18O4/c11-9(12)7-5-3-1-2-4-6-8-10(13)14/h1-8H2,(H,11,12)(H,13,14)	CXMXRPHRNRROMY-UHFFFAOYSA-N	C(CCCCC(=O)O)CCCC(=O)O	10.144188545291088	0.481230389785217	10.144188545291088	0.3028395565321837	0.2451646090534978	0.3028395565321837	-0.7399285186347775	-0.481230389785217	2.2763999999999998	52.20760000000003	202.25	2	4	decanedioic acid (sebacic acid)	0	0	0	0	0	0	2	2	4	0	9	0	0	0	82	5192	0
CC(=O)C(=O)C	86.036779432	0.5	6	80.04199999999999	InChI=1S/C4H6O2/c1-3(5)4(2)6/h1-2H3	QSJXEFYPDANLFS-UHFFFAOYSA-N	CC(=O)C(=O)C	9.793981481481481	0.2912343143503756	9.793981481481481	0.19451404848392276	0.37962962962962954	0.19451404848392276	-0.37962962962962954	-0.2912343143503756	0.1644	21.36199999999999	86.08999999999999	0	2	diacetyl	0	0	0	0	0	0	2	0	2	0	1	0	0	0	34	650	0
CCSCC	90.05032132	1.0	5	80.11099999999999	InChI=1S/C4H10S/c1-3-5-4-2/h3-4H2,1-2H3	LJSQFQKUNVCTIA-UHFFFAOYSA-N	CCSCC	2.1747685185185186	0.16258392367315136	2.1747685185185186	-0.00961226448078238	1.2604166666666667	0.00961226448078238	1.2604166666666667	-0.16258392367315136	1.7594	28.672999999999988	90.191	0	0	Diethyl sulfide	0	0	0	0	0	0	1	0	1	0	2	0	0	0	32	9609	0
CCCCCC1=C(CCC1=O)C	166.135765196	0.7272727272727273	12	148.11999999999998	InChI=1S/C11H18O/c1-3-4-5-6-10-9(2)7-8-11(10)12/h3-8H2,1-2H3	YCIXWYOBMVNGTB-UHFFFAOYSA-N	CCCCCC1=C(CCC1=O)C	11.321018046107332	0.29454645772819643	11.321018046107332	0.1586239359997304	0.40611394557823144	0.1586239359997304	0.40611394557823144	-0.29454645772819643	3.246100000000002	51.083000000000034	166.264	0	1	Dihydrojasmone	1	0	1	0	0	0	1	0	1	0	4	0	0	0	68	62378	1
CC1(CC(=O)CC(=O)C1)C	140.083729624	0.75	10	128.08599999999998	InChI=1S/C8H12O2/c1-8(2)4-6(9)3-7(10)5-8/h3-5H2,1-2H3	BADXJIPKFRBFOT-UHFFFAOYSA-N	CC1(CC(=O)CC(=O)C1)C	10.868263888888889	0.2992006719204662	10.868263888888889	0.1403006388616666	0.07696759259259256	0.1403006388616666	-0.07696759259259256	-0.2992006719204662	1.3347	37.646	140.182	0	2	Dimedone	1	0	1	0	0	0	2	0	2	0	0	1	0	1	56	31358	1
CNC1=CC=CC=C1C(=O)OC	165.078978592	0.2222222222222222	12	154.10399999999998	InChI=1S/C9H11NO2/c1-10-8-6-4-3-5-7(8)9(11)12-2/h3-6,10H,1-2H3	GVOWHGSUZUUUDR-UHFFFAOYSA-N	CNC1=CC=CC=C1C(=O)OC	11.130925925925926	0.4653617955051349	11.130925925925926	0.33945998025977714	0.31949074074074035	0.33945998025977714	-0.31949074074074035	-0.4653617955051349	1.5149	47.32820000000002	165.19199999999998	1	3	Dimethyl anthranilate	0	0	0	1	0	1	3	1	3	0	2	0	0	0	64	6826	1
CSSSC	125.963163192	1.0	5	120.22300000000001	InChI=1S/C2H6S3/c1-3-5-4-2/h1-2H3	YWHLKYXPLRWGSE-UHFFFAOYSA-N	CSSSC	2.070601851851852	0.0860140608463798	2.070601851851852	-0.007094000310291266	1.78125	0.007094000310291266	1.78125	-0.0860140608463798	2.2756	34.621	126.27100000000002	0	0	Dimethyl trisulfide	0	0	0	0	0	0	3	0	3	0	2	0	0	0	32	19310	0
CC(=CCCC(=CCCC(=C)C=C)C)C	204.187800768	0.4666666666666667	15	180.16499999999996	InChI=1S/C15H24/c1-6-14(4)10-8-12-15(5)11-7-9-13(2)3/h6,9,12H,1,4,7-8,10-11H2,2-3,5H3/b15-12+	JSNRRGGBADWTMC-NTCAYCPXSA-N	CC(=CCC/C(=C/CCC(=C)C=C)/C)C	3.898563994276927	0.09881252036791494	3.898563994276927	-0.025013546760074504	1.0312349615772234	0.025013546760074504	1.0312349615772234	-0.09881252036791494	5.201500000000005	70.99300000000004	204.35699999999994	0	0	e,b,Farnesene	0	0	0	0	0	0	0	0	0	0	7	0	0	0	84	5281517	0
CCC(C)C(=O)OCC	130.099379688	0.8571428571428571	9	116.07499999999997	InChI=1S/C7H14O2/c1-4-6(3)7(8)9-5-2/h6H,4-5H2,1-3H3	HCRBXQFHJMCTLF-UHFFFAOYSA-N	CCC(C)C(=O)OCC	10.751851851851852	0.465773376796098	10.751851851851852	0.3081220786835322	0.06013888888888874	0.3081220786835322	-0.08333333333333304	-0.465773376796098	1.5956	36.087999999999994	130.18699999999998	0	2	Ethyl 2-methylbutyrate	0	0	0	0	0	0	2	0	2	0	3	0	0	0	54	24020	0
CCCC(C)C(=O)OCC	144.115029752	0.875	10	128.08599999999998	InChI=1S/C8H16O2/c1-4-6-7(3)8(9)10-5-2/h7H,4-6H2,1-3H3	HZPKNSYIDSNZKW-UHFFFAOYSA-N	CCCC(C)C(=O)OCC	10.91074074074074	0.46577325050842655	10.91074074074074	0.3081325553398264	0.06541666666666646	0.3081325553398264	-0.06541666666666646	-0.46577325050842655	1.9857	40.705000000000005	144.214	0	2	Ethyl 2-methylpentanoate	0	0	0	0	0	0	2	0	2	0	4	0	0	0	60	62902	0
CCSSCC	122.02239232	1.0	6	112.178	InChI=1S/C4H10S2/c1-3-5-6-4-2/h3-4H2,1-2H3	CETBSQOFQKLHHZ-UHFFFAOYSA-N	CCSSCC	2.173935185185185	0.09445891215372038	2.173935185185185	0.0008442873107774612	1.2346296296296297	0.0008442873107774612	1.2346296296296297	-0.09445891215372038	2.4076000000000004	36.264	122.25800000000001	0	0	Ethyl disulfide	0	0	0	0	0	0	2	0	2	0	3	0	0	0	38	8077	0
CCOC(=O)C(C)C	116.083729624	0.8333333333333334	8	104.06399999999998	InChI=1S/C6H12O2/c1-4-8-6(7)5(2)3/h5H,4H2,1-3H3	WDAXFOBOLVPGLV-UHFFFAOYSA-N	CCOC(=O)C(C)C	10.520601851851852	0.465780805159007	10.520601851851852	0.30785106891033664	0.009212962962962923	0.30785106891033664	-0.11805555555555536	-0.465780805159007	1.2055	31.470999999999982	116.15999999999998	0	2	Ethyl isobutyrate	0	0	0	0	0	0	2	0	2	0	2	0	0	0	48	7342	0
CCOC(=O)CC(C)C	130.099379688	0.8571428571428571	9	116.07499999999997	InChI=1S/C7H14O2/c1-4-9-7(8)5-6(2)3/h6H,4-5H2,1-3H3	PPXUHEORWJQRHJ-UHFFFAOYSA-N	CCOC(=O)CC(C)C	10.63125	0.4659618863161138	10.63125	0.30552840550557964	0.09027777777777746	0.30552840550557964	-0.09027777777777746	-0.4659618863161138	1.5956	36.087999999999994	130.18699999999998	0	2	Ethyl isovalerate	0	0	0	0	0	0	2	0	2	0	3	0	0	0	54	7945	0
CCC1=C(C(=O)C=CO1)O	140.047344116	0.2857142857142857	10	132.07399999999998	InChI=1S/C7H8O3/c1-2-6-7(9)5(8)3-4-10-6/h3-4,9H,2H2,1H3	YIKYNHJUKRTCJL-UHFFFAOYSA-N	CCC1=C(C(=O)C=CO1)O	10.688703703703704	0.5017886851735792	10.688703703703704	0.22628038049470434	0.2731481481481479	0.22628038049470434	-0.3860185185185181	-0.5017886851735792	0.9077999999999997	36.0208	140.13799999999998	1	3	Ethyl Maltol	0	0	0	0	1	1	3	1	3	0	1	0	0	0	54	21059	1
CCOC1=C(C=CC(=C1)C=O)O	166.06299418	0.2222222222222222	12	156.09599999999998	InChI=1S/C9H10O3/c1-2-12-9-5-7(6-10)3-4-8(9)11/h3-6,11H,2H2,1H3	CBOQJANXLMLOSS-UHFFFAOYSA-N	CCOC1=C(C=CC(=C1)C=O)O	10.337074357520786	0.5042541269718366	10.337074357520786	0.1611003612321704	0.057824074074074305	0.1611003612321704	0.057824074074074305	-0.5042541269718366	1.6033999999999997	44.66330000000003	166.176	1	3	Ethyl vanillin	0	0	0	1	0	1	3	1	3	0	3	0	0	0	64	8467	1
CC1(C2CCC(O1)(CC2)C)C	154.135765196	1.0	11	136.10899999999998	InChI=1S/C10H18O/c1-9(2)8-4-6-10(3,11-9)7-5-8/h8H,4-7H2,1-3H3	WEEGYLXZBRQIMU-UHFFFAOYSA-N	CC1(C2CCC(O1)(CC2)C)C	6.060185185185185	0.3691300164664661	6.060185185185185	0.0661764034177079	0.15798611111111116	0.0661764034177079	0.15798611111111116	-0.3691300164664661	2.7441000000000013	45.52700000000002	154.253	0	1	Eucalyptol	1	2	3	0	0	0	1	0	1	0	0	1	2	3	64	2758	3
COC1=C(C=CC(=C1)CC=C)O	164.083729624	0.2	12	152.10799999999998	InChI=1S/C10H12O2/c1-3-4-8-5-6-9(11)10(7-8)12-2/h3,5-7,11H,1,4H2,2H3	RRAFCDWBNXTKKO-UHFFFAOYSA-N	COC1=C(C=CC(=C1)CC=C)O	9.252350245653817	0.5042546024667084	9.252350245653817	0.16026030577317685	0.17158541194255506	0.16026030577317685	0.17158541194255506	-0.5042546024667084	2.1293	48.55980000000003	164.20399999999998	1	2	Eugenol	0	0	0	1	0	1	2	1	2	0	3	0	0	0	64	3314	1
COC1=C(C=C(C=C1)CC=C)OC	178.099379688	0.2727272727272727	13	164.11899999999997	InChI=1S/C11H14O2/c1-4-5-9-6-7-10(12-2)11(8-9)13-3/h4,6-8H,1,5H2,2-3H3	ZYEMGPIYFIJGTP-UHFFFAOYSA-N	COC1=C(C=C(C=C1)CC=C)OC	5.163907785336357	0.49286997546186295	5.163907785336357	0.16049803348676348	0.7595483749055179	0.16049803348676348	0.7595483749055179	-0.49286997546186295	2.4323000000000006	53.44700000000004	178.23099999999997	0	2	Eugenol methyl ether	0	0	0	1	0	1	2	0	2	0	4	0	0	0	70	7127	1
CC(=CCCC(=CCC=C(C)C=C)C)C	204.187800768	0.4666666666666667	15	180.16499999999996	InChI=1S/C15H24/c1-6-14(4)10-8-12-15(5)11-7-9-13(2)3/h6,9-10,12H,1,7-8,11H2,2-5H3/b14-10+,15-12+	CXENHBSYCFFKJS-VDQVFBMKSA-N	CC(=CCC/C(=C/C/C=C(\C)/C=C)/C)C	3.7306260014336314	0.09881309820557128	3.7306260014336314	-0.016087914773067962	1.0262977135298563	0.016087914773067962	1.0262977135298563	-0.09881309820557128	5.201500000000005	70.99300000000004	204.35699999999997	0	0	Farnesene	0	0	0	0	0	0	0	0	0	0	6	0	0	0	84	5281516	0
CSSCC1=CC=CO1	160.001656876	0.3333333333333333	9	152.19899999999998	InChI=1S/C6H8OS2/c1-8-9-5-6-3-2-4-7-6/h2-4H,5H2,1H3	CLSLQQCDHOZMDT-UHFFFAOYSA-N	CSSCC1=CC=CO1	5.101388888888889	0.46845116398275466	5.101388888888889	0.11400672032154474	0.9664351851851852	0.11400672032154474	0.9664351851851852	-0.46845116398275466	2.790800000000001	43.518000000000015	160.263	0	1	Furfuryl methyl disulfide	0	0	0	0	1	1	3	0	3	0	3	0	0	0	50	62131	1
CC1COCC2=CC3=C(C=C12)C(C(C3(C)C)C)(C)C	258.198365452	0.6666666666666666	19	232.19699999999995	InChI=1S/C18H26O/c1-11-9-19-10-13-7-15-16(8-14(11)13)18(5,6)12(2)17(15,3)4/h7-8,11-12H,9-10H2,1-6H3	ONKNPOPIGWHAQC-UHFFFAOYSA-N	CC1COCC2=CC3=C(C=C12)C(C(C3(C)C)C)(C)C	5.714960081254724	0.37613946359968786	5.714960081254724	0.07195485270779109	0.2584807256235828	0.07195485270779109	0.2584807256235828	-0.37613946359968786	4.525200000000004	79.72900000000006	258.405	0	1	galaxolide	1	1	2	1	0	1	1	0	1	0	0	0	0	0	104	91497	3
CC(=CCCC(=CCO)C)C	154.135765196	0.6	11	136.10899999999998	InChI=1S/C10H18O/c1-9(2)5-4-6-10(3)7-8-11/h5,7,11H,4,6,8H2,1-3H3/b10-7+	GLZPCOQZEFWAFX-JXMROGBWSA-N	CC(=CCC/C(=C/CO)/C)C	8.5533841962711	0.39229736991721587	8.5533841962711	0.06144351054774095	0.16731623204837498	0.06144351054774095	0.16731623204837498	-0.39229736991721587	2.6714000000000016	49.507800000000024	154.253	1	1	Geraniol	0	0	0	0	0	0	1	1	1	0	4	0	0	0	64	637566	0
COC1=CC=CC=C1O	124.052429496	0.14285714285714285	9	116.07499999999997	InChI=1S/C7H8O2/c1-9-7-5-3-2-4-6(7)8/h2-5,8H,1H3	LHGVFZTZFXWLCP-UHFFFAOYSA-N	COC1=CC=CC=C1O	8.98550925925926	0.5042548357902157	8.98550925925926	0.159973721120165	0.1805555555555558	0.159973721120165	0.1805555555555558	-0.5042548357902157	1.4007999999999998	34.6588	124.13899999999998	1	2	Guaiacol	0	0	0	1	0	1	2	1	2	0	1	0	0	0	48	460	1
CC(CC1=CC2=C(C=C1)OCO2)C=O	192.078644244	0.36363636363636365	14	180.11799999999997	InChI=1S/C11H12O3/c1-8(6-12)4-9-2-3-10-11(5-9)14-7-13-10/h2-3,5-6,8H,4,7H2,1H3	BOPPSUHPZARXTH-UHFFFAOYSA-N	CC(CC1=CC2=C(C=C1)OCO2)C=O	10.487007038926683	0.4535954947605237	10.487007038926683	0.23080035694953174	0.05126984126984113	0.23080035694953174	0.05126984126984113	-0.4535954947605237	1.7928	51.49700000000003	192.21399999999997	0	3	helional	0	1	1	1	0	1	3	0	3	0	3	0	0	0	74	64805	2
CCCCCCC=O	114.104465068	0.8571428571428571	8	100.07599999999998	InChI=1S/C7H14O/c1-2-3-4-5-6-7-8/h7H,2-6H2,1H3	FXHGMKSSBGDXIY-UHFFFAOYSA-N	CCCCCCC=O	9.768008786848073	0.30340290814946846	9.768008786848073	0.11949019866492745	0.75	0.11949019866492745	0.75	-0.30340290814946846	2.1557000000000004	34.822999999999986	114.18799999999999	0	1	Heptanal	0	0	0	0	0	0	1	0	1	0	5	0	0	0	48	8130	0
CCCCCCCOC(=O)C(C)C	186.161979944	0.9090909090909091	13	164.11899999999997	InChI=1S/C11H22O2/c1-4-5-6-7-8-9-13-11(12)10(2)3/h10H,4-9H2,1-3H3	RFDUMBPGZUIKOG-UHFFFAOYSA-N	CCCCCCCOC(=O)C(C)C	11.009463262156714	0.46548660177035883	11.009463262156714	0.30786115848399004	0.009853526287057823	0.30786115848399004	-0.07361895838582311	-0.46548660177035883	3.1560000000000015	54.55600000000005	186.295	0	2	Heptyl isobutyrate	0	0	0	0	0	0	2	0	2	0	7	0	0	0	78	61304	0
CCCCCC=O	100.088815004	0.8333333333333334	7	88.06499999999998	InChI=1S/C6H12O/c1-2-3-4-5-6-7/h6H,2-5H2,1H3	JARKCYVAAOWBJS-UHFFFAOYSA-N	CCCCCC=O	9.67967970521542	0.303402908155129	9.67967970521542	0.11949019725434507	0.7438888888888888	0.11949019725434507	0.7438888888888888	-0.303402908155129	1.7656	30.20599999999998	100.16099999999999	0	1	Hexanal	0	0	0	0	0	0	1	0	1	0	4	0	0	0	42	6184	0
CCCCCC(=O)O	116.083729624	0.8333333333333334	8	104.06399999999998	InChI=1S/C6H12O2/c1-2-3-4-5-6(7)8/h2-5H2,1H3,(H,7,8)	FUZZWVXGSFPDMH-UHFFFAOYSA-N	CCCCCC(=O)O	9.874124149659863	0.48123038978903615	9.874124149659863	0.30283955508920857	0.3272222222222223	0.30283955508920857	-0.6819907407407404	-0.48123038978903615	1.6513	31.77779999999998	116.15999999999998	1	2	Hexanoic Acid	0	0	0	0	0	0	1	1	2	0	4	0	0	0	48	8892	0
CCCCCCOC(=O)C	144.115029752	0.875	10	128.08599999999998	InChI=1S/C8H16O2/c1-3-4-5-6-7-10-8(2)9/h3-7H2,1-2H3	AOGQPLXWSUTHQB-UHFFFAOYSA-N	CCCCCCOC(=O)C	10.254216348576467	0.4658776866736629	10.254216348576467	0.30212286792609416	0.16990882464096724	0.30212286792609416	-0.16990882464096724	-0.4658776866736629	2.1298000000000004	40.775000000000006	144.214	0	2	Hexyl acetate	0	0	0	0	0	0	2	0	2	0	5	0	0	0	60	8908	0
CC(CCCC(C)(C)O)CC=O	172.14632988	0.9	12	152.10799999999998	InChI=1S/C10H20O2/c1-9(6-8-11)5-4-7-10(2,3)12/h8-9,12H,4-7H2,1-3H3	WPFVBOQKRVRMJB-UHFFFAOYSA-N	CC(CCCC(C)(C)O)CC=O	10.125946672650542	0.39047199599669863	10.125946672650542	0.11975617849063465	0.4628240740740739	0.11975617849063465	-0.5546637613378684	-0.39047199599669863	2.1527000000000007	49.99380000000003	172.268	1	2	Hydroxycitronellal	0	0	0	0	0	0	2	1	2	0	6	0	0	0	72	7888	0
CC(C)CCOC(=O)C	130.099379688	0.8571428571428571	9	116.07499999999997	InChI=1S/C7H14O2/c1-6(2)4-5-9-7(3)8/h6H,4-5H2,1-3H3	MLFHJEHSLIIPHL-UHFFFAOYSA-N	CC(C)CCOC(=O)C	10.203016817838247	0.46586693130001083	10.203016817838247	0.302123037200498	0.1845833333333331	0.302123037200498	-0.1845833333333331	-0.46586693130001083	1.5956	36.087999999999994	130.18699999999998	0	2	Isoamyl acetate	0	0	0	0	0	0	2	0	2	0	3	0	0	0	54	31276	0
CC(=O)OC1CC2CCC1(C2(C)C)C	196.14632988	0.9166666666666666	14	176.12999999999997	InChI=1S/C12H20O2/c1-8(13)14-10-7-9-5-6-12(10,4)11(9,2)3/h9-10H,5-7H2,1-4H3/t9-,10-,12+/m0/s1	KGEKLUUHTZCSIP-JBLDHEPKSA-N	CC(=O)O[C@H]1C[C@@H]2CC[C@]1(C2(C)C)C	11.007067271352986	0.4619500594812354	11.007067271352986	0.30242017240296076	0.1253935185185182	0.30242017240296076	-0.1253935185185182	-0.4619500594812354	2.7643000000000013	54.783000000000044	196.29	0	2	Isobornyl acetate	2	0	2	0	0	0	2	0	2	0	1	2	0	2	80	6950273	2
CC(C)C=O	72.057514876	0.75	5	64.04299999999999	InChI=1S/C4H8O/c1-4(2)3-5/h3-4H,1-2H3	AMIMRNSIRUDHCM-UHFFFAOYSA-N	CC(C)C=O	9.50462962962963	0.30311196413781816	9.50462962962963	0.12201601225317348	0.2037037037037035	0.12201601225317348	0.2037037037037035	-0.30311196413781816	0.8412999999999999	20.901999999999994	72.10700000000001	0	1	isobutyraldehyde	0	0	0	0	0	0	1	0	1	0	1	0	0	0	30	6561	0
CC(C)CCN	87.10479941599999	1.0	6	74.062	InChI=1S/C5H13N/c1-5(2)3-4-6/h5H,3-4,6H2,1-2H3	BMFVGAAISNGQNM-UHFFFAOYSA-N	CC(C)CCN	5.229444444444445	0.3304633681086517	5.229444444444445	-0.007483687975454255	0.7731481481481479	0.007483687975454255	0.7731481481481479	-0.3304633681086517	0.9912000000000001	28.50939999999999	87.16600000000001	2	1	Isopentylamine (1-Amino-3-methylbutane, Isoamylamine)	0	0	0	0	0	0	1	1	1	0	2	0	0	0	38	7894	0
CC(C)CC(=O)O	102.06807956	0.8	7	92.05299999999998	InChI=1S/C5H10O2/c1-4(2)3-5(6)7/h4H,3H2,1-2H3,(H,6,7)	GWYFCOCPABKNJV-UHFFFAOYSA-N	CC(C)CC(=O)O	9.809722222222222	0.4812230637329638	9.809722222222222	0.30310054985898266	0.2754629629629628	0.30310054985898266	-0.712962962962963	-0.4812230637329638	1.1171	27.090799999999987	102.133	1	2	Isovaleric Acid	0	0	0	0	0	0	1	1	2	0	2	0	0	0	42	10430	0
CC(=CCCC(C)(C=C)O)C	154.135765196	0.6	11	136.10899999999998	InChI=1S/C10H18O/c1-5-10(4,11)8-6-7-9(2)3/h5,7,11H,1,6,8H2,2-4H3	CDOSHBSSFJOMGT-UHFFFAOYSA-N	CC(=CCCC(C)(C=C)O)C	9.488774565381707	0.38609150256085306	9.488774565381707	0.07995432750166309	0.7024305555555557	0.07995432750166309	-0.7024305555555557	-0.38609150256085306	2.669800000000001	49.48580000000003	154.253	1	1	Linalool	0	0	0	0	0	0	1	1	1	0	4	0	0	0	64	6549	0
CC(C)(CCCC1=CCC(CC1)C=O)O	210.161979944	0.7692307692307693	15	188.14099999999996	InChI=1S/C13H22O2/c1-13(2,15)9-3-4-11-5-7-12(10-14)8-6-11/h5,10,12,15H,3-4,6-9H2,1-2H3	ORMHZBNNECIKOH-UHFFFAOYSA-N	CC(C)(CCCC1=CCC(CC1)C=O)O	10.549770501213954	0.39047179825916556	10.549770501213954	0.12288948660555035	0.2528081301965228	0.12288948660555035	-0.541112646447468	-0.39047179825916556	2.853000000000002	61.636800000000044	210.317	1	2	Lyral	1	0	1	0	0	0	2	1	2	0	5	0	0	0	86	91604	1
CSSC	93.991092192	1.0	4	88.156	InChI=1S/C2H6S2/c1-3-4-2/h1-2H3	WQOXQRCZOLPYPM-UHFFFAOYSA-N	CSSC	2.060185185185185	0.0978818338880869	2.060185185185185	-0.007925326249272396	1.7731481481481481	0.007925326249272396	1.7731481481481481	-0.0978818338880869	1.6274	27.029999999999994	94.20400000000001	0	0	Methyl disulfide	0	0	0	0	0	0	2	0	2	0	1	0	0	0	26	12232	0
COC1=C(C=C(C=C1)CC=C)OC	178.099379688	0.2727272727272727	13	164.11899999999997	InChI=1S/C11H14O2/c1-4-5-9-6-7-10(12-2)11(8-9)13-3/h4,6-8H,1,5H2,2-3H3	ZYEMGPIYFIJGTP-UHFFFAOYSA-N	COC1=C(C=C(C=C1)CC=C)OC	5.163907785336357	0.49286997546186295	5.163907785336357	0.16049803348676348	0.7595483749055179	0.16049803348676348	0.7595483749055179	-0.49286997546186295	2.4323000000000006	53.44700000000004	178.23099999999997	0	2	Methyl eugenol	0	0	0	1	0	1	2	0	2	0	4	0	0	0	70	7127	1
COC(=O)C1=CC=CC=C1O	152.047344116	0.125	11	144.08499999999998	InChI=1S/C8H8O3/c1-11-8(10)6-4-2-3-5-7(6)9/h2-5,9H,1H3	OSWPMRLSEDHDFF-UHFFFAOYSA-N	COC(=O)C1=CC=CC=C1O	10.852037037037038	0.5070528008609642	10.852037037037038	0.3411321188257538	0.056157407407407156	0.3411321188257538	-0.5249074074074074	-0.5070528008609642	1.1788	39.44630000000001	152.14899999999997	1	3	Methyl salicylate	0	0	0	1	0	1	3	1	3	0	1	0	0	0	58	4133	1
CC(=CCCC(=C)C=C)C	136.125200512	0.4	10	120.10999999999997	InChI=1S/C10H16/c1-5-10(4)8-6-7-9(2)3/h5,7H,1,4,6,8H2,2-3H3	UAHWPYUMFXYFJY-UHFFFAOYSA-N	CC(=CCCC(=C)C=C)C	3.8227144746787602	0.09881252036792461	3.8227144746787602	-0.025013725022777593	1.0363888888888888	0.025013725022777593	1.0363888888888888	-0.09881252036792461	3.4750000000000023	48.00200000000003	136.23799999999997	0	0	Myrcene	0	0	0	0	0	0	0	0	0	0	4	0	0	0	56	31253	0
CCCCCCCCCCOC(=O)C	200.177630008	0.9166666666666666	14	176.12999999999997	InChI=1S/C12H24O2/c1-3-4-5-6-7-8-9-10-11-14-12(2)13/h3-11H2,1-2H3	NUPSHWCALHZGOV-UHFFFAOYSA-N	CCCCCCCCCCOC(=O)C	10.428623976798198	0.46587768666799095	10.428623976798198	0.30212286792610354	0.15930944915207146	0.30212286792610354	-0.15930944915207146	-0.46587768666799095	3.6902000000000026	59.24300000000005	200.32199999999997	0	2	n-Decyl acetate	0	0	0	0	0	0	2	0	2	0	9	0	0	0	84	8167	0
CC(C)C(=O)OCC=C(C)CCC=C(C)C	224.177630008	0.6428571428571429	16	200.15199999999996	InChI=1S/C14H24O2/c1-11(2)7-6-8-13(5)9-10-16-14(15)12(3)4/h7,9,12H,6,8,10H2,1-5H3/b13-9-	OGJYXQFXLSCKTP-LCYFTJDESA-N	CC(C)C(=O)OC/C=C(/C)\CCC=C(C)C	11.16667957077995	0.4612442997908523	11.16667957077995	0.30817810505885423	0.04224033543883854	0.30817810505885423	-0.13115882464096718	-0.4612442997908523	3.878300000000003	68.21900000000004	224.34399999999997	0	2	Neryl isobutyrate	0	0	0	0	0	0	2	0	2	0	6	0	0	0	92	5365991	0
CCCCCCCCC=O	142.135765196	0.8888888888888888	10	124.09799999999997	InChI=1S/C9H18O/c1-2-3-4-5-6-7-8-9-10/h9H,2-8H2,1H3	GYHFUZHODSMOHU-UHFFFAOYSA-N	CCCCCCCCC=O	9.893722521415974	0.3034029081494581	9.893722521415974	0.11949019867032569	0.7560763888888888	0.11949019867032569	0.7560763888888888	-0.3034029081494581	2.935900000000001	44.057000000000016	142.242	0	1	Nonanal	0	0	0	0	0	0	1	0	1	0	7	0	0	0	60	31289	0
C(CCCC(=O)O)CCCC(=O)O	188.104858992	0.7777777777777778	13	172.09499999999997	InChI=1S/C9H16O4/c10-8(11)6-4-2-1-3-5-7-9(12)13/h1-7H2,(H,10,11)(H,12,13)	BDJRBEYXGGNYIS-UHFFFAOYSA-N	C(CCCC(=O)O)CCCC(=O)O	10.09976476200367	0.4812303897852169	10.09976476200367	0.30283955653219463	0.22116126543209846	0.30283955653219463	-0.7587629913076339	-0.4812303897852169	1.8863000000000003	47.590600000000016	188.223	2	4	Nonanedioic Acid	0	0	0	0	0	0	2	2	4	0	8	0	0	0	76	2266	0
CCCCCCCCCS	160.12857164	1.0	10	140.16599999999997	InChI=1S/C9H20S/c1-2-3-4-5-6-7-8-9-10/h10H,2-9H2,1H3	ZVEZMVFBMOOHAT-UHFFFAOYSA-N	CCCCCCCCCS	4.164044425897932	0.17936390057447493	4.164044425897932	-0.009791409473973252	1.0632716049382716	0.009791409473973252	1.0632716049382716	-0.17936390057447493	3.6668000000000034	51.84600000000004	160.32600000000002	0	0	Nonanethiol	0	0	0	0	0	0	1	1	1	0	7	0	0	0	62	15077	0
CCCCCCCCC(=O)O	158.130679816	0.8888888888888888	11	140.09699999999998	InChI=1S/C9H18O2/c1-2-3-4-5-6-7-8-9(10)11/h2-8H2,1H3,(H,10,11)	FBUKVWPVBMHYJY-UHFFFAOYSA-N	CCCCCCCCC(=O)O	10.088166965860419	0.481230389785217	10.088166965860419	0.3028395565321837	0.3394097222222221	0.3028395565321837	-0.6662115509784157	-0.481230389785217	2.821600000000001	45.62880000000001	158.241	1	2	Nonanoic Acid	0	0	0	0	0	0	1	1	2	0	7	0	0	0	66	8158	0
CC1=CC=CC=C1OC(=O)C(C)C	178.099379688	0.36363636363636365	13	164.11899999999997	InChI=1S/C11H14O2/c1-8(2)11(12)13-10-7-5-4-6-9(10)3/h4-8H,1-3H3	FDJBDZVTTXWIQM-UHFFFAOYSA-N	CC1=CC=CC=C1OC(=O)C(C)C	11.242226001511717	0.4260561835739806	11.242226001511717	0.31327019741357004	0.08369803476946358	0.31327019741357004	-0.18583333333333307	-0.4260561835739806	2.55642	51.65200000000004	178.23099999999997	0	2	o-Tolyl isobutyrate	0	0	0	1	0	1	2	0	2	0	2	0	0	0	70	61954	1
CCCCCCCC=O	128.120115132	0.875	9	112.08699999999997	InChI=1S/C8H16O/c1-2-3-4-5-6-7-8-9/h8H,2-7H2,1H3	NUJGJRNETVAIRJ-UHFFFAOYSA-N	CCCCCCCC=O	9.8375496819098	0.3034029081494581	9.8375496819098	0.1194901986703158	0.7536848072562358	0.1194901986703158	0.7536848072562358	-0.3034029081494581	2.5458000000000007	39.440000000000005	128.215	0	1	Octanal	0	0	0	0	0	0	1	0	1	0	6	0	0	0	54	454	0
C(CCCC(=O)O)CCC(=O)O	174.089208928	0.75	12	160.08399999999997	InChI=1S/C8H14O4/c9-7(10)5-3-1-2-4-6-8(11)12/h1-6H2,(H,9,10)(H,11,12)	TYFQFVWCELRYAO-UHFFFAOYSA-N	C(CCCC(=O)O)CCC(=O)O	10.046109352691694	0.4812303897852094	10.046109352691694	0.3028395565382985	0.18757086167800452	0.3028395565382985	-0.7840420550936422	-0.4812303897852094	1.4962	42.9736	174.196	2	4	octanedioic acid (suberic acid)	0	0	0	0	0	0	2	2	4	0	7	0	0	0	70	10457	0
CCCCCCCCS	146.112921576	1.0	9	128.15499999999997	InChI=1S/C8H18S/c1-2-3-4-5-6-7-8-9/h9H,2-8H2,1H3	KZCOBXFFBQJQHH-UHFFFAOYSA-N	CCCCCCCCS	4.145649364169536	0.17936390057447493	4.145649364169536	-0.009791409473982934	1.0616319444444444	0.009791409473982934	1.0616319444444444	-0.17936390057447493	3.276700000000003	47.22900000000003	146.299	0	0	Octanethiol	0	0	0	0	0	0	1	1	1	0	6	0	0	0	56	8144	0
CCCCCCCCOC=O	158.130679816	0.8888888888888888	11	140.09699999999998	InChI=1S/C9H18O2/c1-2-3-4-5-6-7-8-11-9-10/h9H,2-8H2,1H3	AVBRYQRTMPHARE-UHFFFAOYSA-N	CCCCCCCCOC=O	9.717822613243339	0.46790098612493813	9.717822613243339	0.2925755189605847	0.5198838655832703	0.2925755189605847	0.5198838655832703	-0.46790098612493813	2.5199000000000007	45.39200000000002	158.24099999999999	0	2	Octyl formate	0	0	0	0	0	0	2	0	2	0	8	0	0	0	66	8176	0
CC1=CC=C(C=C1)C(C)C	134.109550448	0.4	10	120.10999999999997	InChI=1S/C10H14/c1-8(2)10-6-4-9(3)5-7-10/h4-8H,1-3H3	HFPZCAJZSCWRBC-UHFFFAOYSA-N	CC1=CC=C(C=C1)C(C)C	2.212962962962963	0.0590419921968874	2.212962962962963	-0.021882053067443556	0.6533333333333331	0.021882053067443556	0.6533333333333331	-0.0590419921968874	3.118420000000002	45.26800000000003	134.22199999999998	0	0	p-cymene	0	0	0	1	0	1	0	0	0	0	1	0	0	0	54	7463	1
CC1=CC=C(C=C1)OC(=O)C(C)C	178.099379688	0.36363636363636365	13	164.11899999999997	InChI=1S/C11H14O2/c1-8(2)11(12)13-10-6-4-9(3)5-7-10/h4-8H,1-3H3	UPPSFGGDKACIKP-UHFFFAOYSA-N	CC1=CC=C(C=C1)OC(=O)C(C)C	11.17493150037793	0.42634154532333784	11.17493150037793	0.31326058460766165	0.08212679516250976	0.31326058460766165	-0.19087679516250922	-0.42634154532333784	2.55642	51.65200000000004	178.23099999999997	0	2	p-Tolyl isobutyrate	0	0	0	1	0	1	2	0	2	0	2	0	0	0	70	7685	1
CC1=CC=C(C=C1)OC(=O)CC2=CC=CC=C2	226.099379688	0.13333333333333333	17	212.16299999999995	InChI=1S/C15H14O2/c1-12-7-9-14(10-8-12)17-15(16)11-13-5-3-2-4-6-13/h2-10H,11H2,1H3	OJEQSSJFSNLMLB-UHFFFAOYSA-N	CC1=CC=C(C=C1)OC(=O)CC2=CC=CC=C2	11.644564909297053	0.4262860613199174	11.644564909297053	0.31515155935283345	0.23606198034769443	0.31515155935283345	-0.23606198034769443	-0.4262860613199174	3.1431200000000015	66.96000000000004	226.27499999999995	0	2	p-Tolyl phenylacetate	0	0	0	2	0	2	2	0	2	0	3	0	0	0	86	60997	2
CCCCC=O	86.07316494	0.8	6	76.05399999999999	InChI=1S/C5H10O/c1-2-3-4-5-6/h5H,2-4H2,1H3	HGBOYTHUEUWSSQ-UHFFFAOYSA-N	CCCCC=O	9.56375	0.3034029096435604	9.56375	0.11949002111110747	0.7326388888888888	0.11949002111110747	0.7326388888888888	-0.3034029096435604	1.3755	25.588999999999988	86.13399999999999	0	1	Pentanal	0	0	0	0	0	0	1	0	1	0	3	0	0	0	36	8063	0
CCCCC(=O)O	102.06807956	0.8	7	92.05299999999998	InChI=1S/C5H10O2/c1-2-3-4-5(6)7/h2-4H2,1H3,(H,6,7)	NQPDZGIKBAWPEJ-UHFFFAOYSA-N	CCCCC(=O)O	9.758194444444445	0.4812303907895895	9.758194444444445	0.3028393755682016	0.3159722222222221	0.3028393755682016	-0.6927314814814809	-0.4812303907895895	1.2612	27.160799999999988	102.13299999999998	1	2	Pentanoic Acid	0	0	0	0	0	0	1	1	2	0	3	0	0	0	42	7991	0
CCCCCOC(=O)C	130.099379688	0.8571428571428571	9	116.07499999999997	InChI=1S/C7H14O2/c1-3-4-5-6-9-7(2)8/h3-6H2,1-2H3	PGMYKACGEOXYJE-UHFFFAOYSA-N	CCCCCOC(=O)C	10.184675453514739	0.4658776881575565	10.184675453514739	0.3021228679209696	0.17490457294028694	0.3021228679209696	-0.17490457294028694	-0.4658776881575565	1.7397	36.157999999999994	130.187	0	2	Pentyl acetate	0	0	0	0	0	0	2	0	2	0	4	0	0	0	54	12348	0
CCCCCOC(=O)CC	144.115029752	0.875	10	128.08599999999998	InChI=1S/C8H16O2/c1-3-5-6-7-10-8(9)4-2/h3-7H2,1-2H3	TWSRVQVEYJNFKQ-UHFFFAOYSA-N	CCCCCOC(=O)CC	10.552731009070294	0.465682528839917	10.552731009070294	0.30499640966445174	0.08694160997732392	0.30499640966445174	-0.08694160997732392	-0.465682528839917	2.1298000000000004	40.775000000000006	144.214	0	2	Pentyl propionate (Amyl propionate)	0	0	0	0	0	0	2	0	2	0	5	0	0	0	60	12217	0
CC(=O)OC1=CC=CC=C1	136.052429496	0.125	10	128.08599999999998	InChI=1S/C8H8O2/c1-7(9)10-8-5-3-2-4-6-8/h2-6H,1H3	IPBVNPXQWQGGJP-UHFFFAOYSA-N	CC(=O)OC1=CC=CC=C1	10.39092970521542	0.4267339377171449	10.39092970521542	0.307523937689319	0.2859259259259257	0.307523937689319	-0.2859259259259257	-0.4267339377171449	1.6119	37.751000000000005	136.14999999999998	0	2	Phenyl acetate	0	0	0	1	0	1	2	0	2	0	1	0	0	0	52	31229	1
C1OC2=C(O1)C=C(C=C2)C=O	150.031694052	0.125	11	144.08499999999998	InChI=1S/C8H6O3/c9-4-6-1-2-7-8(3-6)11-5-10-7/h1-4H,5H2	SATCULPHIDQDRE-UHFFFAOYSA-N	C1OC2=C(O1)C=C(C=C2)C=O	10.309969765684052	0.453595044356628	10.309969765684052	0.23080068360482328	0.24766250944822366	0.23080068360482328	0.24766250944822366	-0.453595044356628	1.2278	37.952500000000015	150.13299999999998	0	3	Piperonal	0	1	1	1	0	1	3	0	3	0	1	0	0	0	56	8438	2
CC(=O)OCC1=CC2=C(C=C1)OCO2	194.0579088	0.3	14	184.10599999999997	InChI=1S/C10H10O4/c1-7(11)12-5-8-2-3-9-10(4-8)14-6-13-9/h2-4H,5-6H2,1H3	PFWYHTORQZAGCA-UHFFFAOYSA-N	CC(=O)OCC1=CC2=C(C=C1)OCO2	10.57265518707483	0.46100095512121975	10.57265518707483	0.30246073760763675	0.2563017290249432	0.30246073760763675	-0.2891973733938016	-0.46100095512121975	1.4784	48.035000000000025	194.18599999999998	0	4	Piperonyl acetate	0	1	1	1	0	1	4	0	4	0	2	0	0	0	74	9473	2
C1OC2=C(O1)C=C(C=C2)CO	152.047344116	0.25	11	144.08499999999998	InChI=1S/C8H8O3/c9-4-6-1-2-7-8(3-6)11-5-10-7/h1-3,9H,4-5H2	BHUIUXNAPJIDOG-UHFFFAOYSA-N	C1OC2=C(O1)C=C(C=C2)CO	8.772486772486772	0.453595469455275	8.772486772486772	0.2308003753157496	0.03833333333333333	0.2308003753157496	0.03833333333333333	-0.453595469455275	0.9075999999999997	38.48780000000001	152.14899999999997	1	3	Piperonyl alcohol	0	1	1	1	0	1	3	1	3	0	1	0	0	0	58	10322	2
CCC(=O)O	74.036779432	0.6666666666666666	5	68.031	InChI=1S/C3H6O2/c1-2-3(4)5/h2H2,1H3,(H,4,5)	XBDQKXXYIPTUBI-UHFFFAOYSA-N	CCC(=O)O	9.368055555555555	0.4812379170193394	9.368055555555555	0.30255843749205596	0.2222222222222221	0.30255843749205596	-0.74537037037037	-0.4812379170193394	0.481	17.9268	74.079	1	2	Propionic Acid	0	0	0	0	0	0	1	1	2	0	1	0	0	0	30	1032	0
C1=CN=CC=N1	80.037448128	0.0	6	76.05799999999999	InChI=1S/C4H4N2/c1-2-6-4-3-5-1/h1-4H	KYQCOXFCLRTKLS-UHFFFAOYSA-N	C1=CN=CC=N1	3.7222222222222223	0.2615195591346822	3.7222222222222223	0.04510753126065995	1.6388888888888888	0.04510753126065995	1.6388888888888888	-0.2615195591346822	0.4765999999999999	22.031999999999996	80.09	0	2	Pyrazine	0	0	0	0	1	1	2	0	2	0	0	0	0	0	30	9261	1
C1=CC=C2C(=C1)C=CC=N2	129.057849224	0.0	10	122.10599999999998	InChI=1S/C9H7N/c1-2-6-9-8(4-1)5-3-7-10-9/h1-7H	SMWDFEZZVXVKRB-UHFFFAOYSA-N	C1=CC=C2C(=C1)C=CC=N2	4.181203703703703	0.25626672847773607	4.181203703703703	0.07014348447327304	1.0601851851851853	0.07014348447327304	1.0601851851851853	-0.25626672847773607	2.2348	41.743000000000016	129.16199999999998	0	1	Quinoline (1-Benzazine;  2,3-Benzopyridine)	0	0	0	1	1	2	1	0	1	0	0	0	0	0	48	7047	2
C=CCC1=CC2=C(C=C1)OCO2	162.06807956	0.2	12	152.10799999999998	InChI=1S/C10H10O2/c1-2-3-8-4-5-9-10(6-8)12-7-11-9/h2,4-6H,1,3,7H2	ZMQAAUBTXCXRIC-UHFFFAOYSA-N	C=CCC1=CC2=C(C=C1)OCO2	5.228907785336356	0.45359549151171524	5.228907785336356	0.2308003593074777	0.3401547146636432	0.2308003593074777	0.3401547146636432	-0.45359549151171524	2.1437999999999997	46.46600000000003	162.18799999999996	0	2	Sassafras oil	0	1	1	1	0	1	2	0	2	0	2	0	0	0	62	5144	2
C1CCOC1	72.057514876	1.0	5	64.04299999999999	InChI=1S/C4H8O/c1-2-4-5-3-1/h1-4H2	WYURNTSHIVDZCO-UHFFFAOYSA-N	C1CCOC1	4.944444444444445	0.3814493819627182	4.944444444444445	0.046638169849841704	1.0	0.046638169849841704	1.0	-0.3814493819627182	0.7968	20.052999999999997	72.107	0	1	Tetrahydrofuran	0	1	1	0	0	0	1	0	1	0	0	0	1	1	30	8028	1
C1CCOCC1	86.07316494	1.0	6	76.05399999999999	InChI=1S/C5H10O/c1-2-4-6-5-3-1/h1-5H2	DHXVGJBLRPWPCS-UHFFFAOYSA-N	C1CCOCC1	5.069444444444445	0.3814524244186342	5.069444444444445	0.04655485505248134	1.0	0.04655485505248134	1.0	-0.3814524244186342	1.1869	24.66999999999999	86.134	0	1	Tetrahydropyran	0	1	1	0	0	0	1	0	1	0	0	0	1	1	36	8894	1
CC1=CC(=C(C=C1)C(C)C)O	150.104465068	0.4	11	136.10899999999998	InChI=1S/C10H14O/c1-7(2)9-5-4-8(3)6-10(9)11/h4-7,11H,1-3H3	MGSRCZKZVOBKFT-UHFFFAOYSA-N	CC1=CC(=C(C=C1)C(C)C)O	9.46175925925926	0.5076548360000178	9.46175925925926	0.1187890206084793	0.39870370370370356	0.1187890206084793	0.39870370370370356	-0.5076548360000178	2.8240200000000013	46.93280000000003	150.22099999999998	1	1	thymol	0	0	0	1	0	1	1	1	1	0	1	0	0	0	60	6989	1
CCCCCCCCCC=CC=O	182.167065324	0.75	13	160.13099999999997	InChI=1S/C12H22O/c1-2-3-4-5-6-7-8-9-10-11-12-13/h10-12H,2-9H2,1H3/b11-10+	SSNZFFBDIMUILS-ZHACJKMWSA-N	CCCCCCCCC/C=C/C=O	9.925151754575976	0.2985763108186907	9.925151754575976	0.1420180387135551	0.8484605414326736	0.1420180387135551	0.8484605414326736	-0.2985763108186907	3.8822000000000028	57.81400000000004	182.30700000000002	0	1	trans-2-Dodecenal	0	0	0	0	0	0	1	0	1	0	9	0	0	0	76	5283361	0
CC=C(C)C=O	84.057514876	0.4	6	76.05399999999999	InChI=1S/C5H8O/c1-3-5(2)4-6/h3-4H,1-2H3/b5-3+	ACWQBUSCFPJUPN-HWKANZROSA-N	C/C=C(\C)/C=O	9.667592592592593	0.2982807522595077	9.667592592592593	0.14490986667273403	0.7870370370370372	0.14490986667273403	0.7870370370370372	-0.2982807522595077	1.1515	25.49499999999999	84.11800000000001	0	1	trans-2-Methyl-2-butenal (2MB)	0	0	0	0	0	0	1	0	1	0	1	0	0	0	34	5321950	0
CCCCCCC=CC=O	140.120115132	0.6666666666666666	10	124.09799999999997	InChI=1S/C9H16O/c1-2-3-4-5-6-7-8-9-10/h7-9H,2-6H2,1H3/b8-7+	BSAIUMLZVGUGKX-BQYQJAHWSA-N	CCCCCC/C=C/C=O	9.806916965860419	0.2985763108186907	9.806916965860419	0.1420180387135551	0.833155470521542	0.1420180387135551	0.833155470521542	-0.2985763108186907	2.711900000000001	43.963000000000015	140.22599999999997	0	1	trans-2-Nonenal	0	0	0	0	0	0	1	0	1	0	6	0	0	0	58	5283335	0
CCCCCCCCC=CC=O	168.15141526	0.7272727272727273	12	148.11999999999998	InChI=1S/C11H20O/c1-2-3-4-5-6-7-8-9-10-11-12/h9-11H,2-8H2,1H3/b10-9+	PANBRUWVURLWGY-MDZDMXLPSA-N	CCCCCCCC/C=C/C=O	9.892093733537186	0.2985763108186907	9.892093733537186	0.1420180387135551	0.8443283100277148	0.1420180387135551	0.8443283100277148	-0.2985763108186907	3.4921000000000024	53.19700000000004	168.28	0	1	trans-2-Undecenal	0	0	0	0	0	0	1	0	1	0	8	0	0	0	70	5283356	0
CCC=CCCC=CC=O	138.104465068	0.4444444444444444	10	124.09799999999997	InChI=1S/C9H14O/c1-2-3-4-5-6-7-8-9-10/h3-4,7-9H,2,5-6H2,1H3/b4-3-,8-7+	HZYHMHHBBBSGHB-ODYTWBPASA-N	CC/C=C\CC/C=C/C=O	9.788900384227766	0.2985763092607593	9.788900384227766	0.14201822514727783	0.8090625	0.14201822514727783	0.8090625	-0.2985763092607593	2.4879000000000007	43.86900000000002	138.20999999999998	0	1	trans-2,cis-6-Nonadienal	0	0	0	0	0	0	1	0	1	0	5	0	0	0	56	643731	0
CCN(CC)CC	101.12044947999999	1.0	7	86.073	InChI=1S/C6H15N/c1-4-7(5-2)6-3/h4-6H2,1-3H3	ZMANZCXQSJIPKH-UHFFFAOYSA-N	CCN(CC)CC	2.375	0.3041599430182366	2.375	-0.004743854124823915	1.1875	0.004743854124823915	1.1875	-0.3041599430182366	1.3481	33.46199999999998	101.19300000000001	0	1	Triethylamine	0	0	0	0	0	0	1	0	1	0	3	0	0	0	44	8471	0
COC1=C(C=CC(=C1)C=O)O	152.047344116	0.125	11	144.08499999999998	InChI=1S/C8H8O3/c1-11-8-4-6(5-9)2-3-7(8)10/h2-5,10H,1H3	MWOOGOJBHIARFG-UHFFFAOYSA-N	COC1=C(C=CC(=C1)C=O)O	10.248745275888133	0.5042543227773111	10.248745275888133	0.1606893236526212	0.0399074074074075	0.1606893236526212	0.0399074074074075	-0.5042543227773111	1.2132999999999998	40.046300000000016	152.149	1	3	Vanillin	0	0	0	1	0	1	3	1	3	0	2	0	0	0	58	1183	1
C1CCCCCCCOC(=O)CCCCCC1	240.208930136	0.9333333333333333	17	212.16299999999995	InChI=1S/C15H28O2/c16-15-13-11-9-7-5-3-1-2-4-6-8-10-12-14-17-15/h1-14H2	FKUPPRZPSYCDRS-UHFFFAOYSA-N	C1CCCCCCCOC(=O)CCCCCC1	11.353556153943059	0.46567500452711613	11.353556153943059	0.30527751551233107	0.011198297220122999	0.30527751551233107	0.011198297220122999	-0.46567500452711613	4.614500000000004	70.98000000000006	240.38699999999994	0	2	w-Pentadecalactone	0	1	1	0	0	0	2	0	2	0	0	0	1	1	100	235414	1
CCCCCCCCCC(=O)O	172.14632988	0.9	12	152.10799999999998	InChI=1S/C10H20O2/c1-2-3-4-5-6-7-8-9-10(11)12/h2-9H2,1H3,(H,11,12)	GHVNFZFCNZKVNT-UHFFFAOYSA-N	CCCCCCCCCC(=O)O	10.134489279910005	0.481230389785217	10.134489279910005	0.3028395565321837	0.34104938271604945	0.3028395565321837	-0.6633720448055762	-0.481230389785217	3.2117000000000013	50.245800000000024	172.268	1	2	Decanoic Acid	0	0	0	0	0	0	1	1	2	0	8	0	0	0	72	2969	0
C1C2=CC=CC=C2OC1=O	134.036779432	0.125	10	128.08599999999998	InChI=1S/C8H6O2/c9-8-5-6-3-1-2-4-7(6)10-8/h1-4H,5H2	ACZGCWSMSTYWDQ-UHFFFAOYSA-N	C1C2=CC=CC=C2OC1=O	10.677777777777777	0.42597052871318725	10.677777777777777	0.31530674177107093	0.1516666666666664	0.31530674177107093	-0.1516666666666664	-0.42597052871318725	1.1481	35.781	134.134	0	2	2-Coumaranone	0	1	1	1	0	1	2	0	2	0	0	0	0	0	50	68382	2
